Date,Product Name,ARIMA
2017-04-22,Bridgestone e6 Straight Distance NFL San Dieg,0.24857492633087563
2017-04-23,Bridgestone e6 Straight Distance NFL San Dieg,0.4767479238887413
2017-04-24,Bridgestone e6 Straight Distance NFL San Dieg,0.462869753382294
2017-04-25,Bridgestone e6 Straight Distance NFL San Dieg,0.463713865607086
2017-04-26,Bridgestone e6 Straight Distance NFL San Dieg,0.46366252415341874
2017-04-27,Bridgestone e6 Straight Distance NFL San Dieg,0.4636656468956173
2017-04-28,Bridgestone e6 Straight Distance NFL San Dieg,0.46366545696101
2017-04-29,Bridgestone e6 Straight Distance NFL San Dieg,0.4636654685134062
2017-04-30,Bridgestone e6 Straight Distance NFL San Dieg,0.4636654678107546
2017-05-01,Bridgestone e6 Straight Distance NFL San Dieg,0.46366546785349194
2017-05-02,Bridgestone e6 Straight Distance NFL San Dieg,0.4636654678508925
2017-05-03,Bridgestone e6 Straight Distance NFL San Dieg,0.4636654678510506
2017-05-04,Bridgestone e6 Straight Distance NFL San Dieg,0.463665467851041
2017-05-05,Bridgestone e6 Straight Distance NFL San Dieg,0.4636654678510416
2017-10-03,Diamondback Women's Serene Classic Comfort Bi,5.914964676766681
2017-10-04,Diamondback Women's Serene Classic Comfort Bi,5.969438372557136
2017-10-05,Diamondback Women's Serene Classic Comfort Bi,5.970042117187712
2017-10-06,Diamondback Women's Serene Classic Comfort Bi,5.970048808629768
2017-10-07,Diamondback Women's Serene Classic Comfort Bi,5.970048882792575
2017-10-08,Diamondback Women's Serene Classic Comfort Bi,5.970048883614539
2017-10-09,Diamondback Women's Serene Classic Comfort Bi,5.970048883623649
2017-10-10,Diamondback Women's Serene Classic Comfort Bi,5.97004888362375
2017-10-11,Diamondback Women's Serene Classic Comfort Bi,5.970048883623751
2017-10-12,Diamondback Women's Serene Classic Comfort Bi,5.970048883623751
2017-10-13,Diamondback Women's Serene Classic Comfort Bi,5.970048883623751
2017-10-14,Diamondback Women's Serene Classic Comfort Bi,5.970048883623751
2017-10-15,Diamondback Women's Serene Classic Comfort Bi,5.970048883623751
2017-10-16,Diamondback Women's Serene Classic Comfort Bi,5.970048883623751
2017-10-02,Field & Stream Sportsman 16 Gun Fire Safe,7.529659800295163
2017-10-03,Field & Stream Sportsman 16 Gun Fire Safe,7.518857678609291
2017-10-04,Field & Stream Sportsman 16 Gun Fire Safe,7.518933960821123
2017-10-05,Field & Stream Sportsman 16 Gun Fire Safe,7.51893342213289
2017-10-06,Field & Stream Sportsman 16 Gun Fire Safe,7.518933425936988
2017-10-07,Field & Stream Sportsman 16 Gun Fire Safe,7.518933425910125
2017-10-08,Field & Stream Sportsman 16 Gun Fire Safe,7.518933425910315
2017-10-09,Field & Stream Sportsman 16 Gun Fire Safe,7.518933425910313
2017-10-10,Field & Stream Sportsman 16 Gun Fire Safe,7.518933425910313
2017-10-11,Field & Stream Sportsman 16 Gun Fire Safe,7.518933425910313
2017-10-12,Field & Stream Sportsman 16 Gun Fire Safe,7.518933425910313
2017-10-13,Field & Stream Sportsman 16 Gun Fire Safe,7.518933425910313
2017-10-14,Field & Stream Sportsman 16 Gun Fire Safe,7.518933425910313
2017-10-15,Field & Stream Sportsman 16 Gun Fire Safe,7.518933425910313
2017-04-23,Glove It Imperial Golf Towel,0.5860272216807116
2017-04-24,Glove It Imperial Golf Towel,0.5082859078683067
2017-04-25,Glove It Imperial Golf Towel,0.5040116304805464
2017-04-26,Glove It Imperial Golf Towel,0.5037766274134308
2017-04-27,Glove It Imperial Golf Towel,0.5037637067635656
2017-04-28,Glove It Imperial Golf Towel,0.5037629963762716
2017-04-29,Glove It Imperial Golf Towel,0.5037629573186304
2017-04-30,Glove It Imperial Golf Towel,0.5037629551712112
2017-05-01,Glove It Imperial Golf Towel,0.5037629550531444
2017-05-02,Glove It Imperial Golf Towel,0.503762955046653
2017-05-03,Glove It Imperial Golf Towel,0.5037629550462961
2017-05-04,Glove It Imperial Golf Towel,0.5037629550462764
2017-05-05,Glove It Imperial Golf Towel,0.5037629550462753
2017-05-06,Glove It Imperial Golf Towel,0.5037629550462752
2017-04-18,Glove It Urban Brick Golf Towel,0.5476012611759291
2017-04-19,Glove It Urban Brick Golf Towel,0.49192145372712437
2017-04-20,Glove It Urban Brick Golf Towel,0.48978688773318385
2017-04-21,Glove It Urban Brick Golf Towel,0.48970505605683196
2017-04-22,Glove It Urban Brick Golf Towel,0.4897019189210987
2017-04-23,Glove It Urban Brick Golf Towel,0.48970179865446056
2017-04-24,Glove It Urban Brick Golf Towel,0.48970179404386494
2017-04-25,Glove It Urban Brick Golf Towel,0.4897017938671111
2017-04-26,Glove It Urban Brick Golf Towel,0.48970179386033497
2017-04-27,Glove It Urban Brick Golf Towel,0.4897017938600752
2017-04-28,Glove It Urban Brick Golf Towel,0.48970179386006524
2017-04-29,Glove It Urban Brick Golf Towel,0.48970179386006485
2017-04-30,Glove It Urban Brick Golf Towel,0.48970179386006485
2017-05-01,Glove It Urban Brick Golf Towel,0.48970179386006485
2017-04-23,Glove It Women's Mod Oval Golf Glove,0.373587886749825
2017-04-24,Glove It Women's Mod Oval Golf Glove,0.3848925099901437
2017-04-25,Glove It Women's Mod Oval Golf Glove,0.3848139354975139
2017-04-26,Glove It Women's Mod Oval Golf Glove,0.3848144816414022
2017-04-27,Glove It Women's Mod Oval Golf Glove,0.38481447784534656
2017-04-28,Glove It Women's Mod Oval Golf Glove,0.3848144778717316
2017-04-29,Glove It Women's Mod Oval Golf Glove,0.3848144778715482
2017-04-30,Glove It Women's Mod Oval Golf Glove,0.3848144778715495
2017-05-01,Glove It Women's Mod Oval Golf Glove,0.3848144778715495
2017-05-02,Glove It Women's Mod Oval Golf Glove,0.3848144778715495
2017-05-03,Glove It Women's Mod Oval Golf Glove,0.3848144778715495
2017-05-04,Glove It Women's Mod Oval Golf Glove,0.3848144778715495
2017-05-05,Glove It Women's Mod Oval Golf Glove,0.3848144778715495
2017-05-06,Glove It Women's Mod Oval Golf Glove,0.3848144778715495
2017-10-03,Nike Men's CJ Elite 2 TD Football Cleat,9.759142242353711
2017-10-04,Nike Men's CJ Elite 2 TD Football Cleat,9.784933814680059
2017-10-05,Nike Men's CJ Elite 2 TD Football Cleat,9.785073588859772
2017-10-06,Nike Men's CJ Elite 2 TD Football Cleat,9.785074346348345
2017-10-07,Nike Men's CJ Elite 2 TD Football Cleat,9.78507435045346
2017-10-08,Nike Men's CJ Elite 2 TD Football Cleat,9.785074350475707
2017-10-09,Nike Men's CJ Elite 2 TD Football Cleat,9.785074350475828
2017-10-10,Nike Men's CJ Elite 2 TD Football Cleat,9.785074350475828
2017-10-11,Nike Men's CJ Elite 2 TD Football Cleat,9.785074350475828
2017-10-12,Nike Men's CJ Elite 2 TD Football Cleat,9.785074350475828
2017-10-13,Nike Men's CJ Elite 2 TD Football Cleat,9.785074350475828
2017-10-14,Nike Men's CJ Elite 2 TD Football Cleat,9.785074350475828
2017-10-15,Nike Men's CJ Elite 2 TD Football Cleat,9.785074350475828
2017-10-16,Nike Men's CJ Elite 2 TD Football Cleat,9.785074350475828
2017-10-03,Nike Men's Dri-FIT Victory Golf Polo,27.50748618588001
2017-10-04,Nike Men's Dri-FIT Victory Golf Polo,27.581582364443793
2017-10-05,Nike Men's Dri-FIT Victory Golf Polo,27.582059466357197
2017-10-06,Nike Men's Dri-FIT Victory Golf Polo,27.582062538394652
2017-10-07,Nike Men's Dri-FIT Victory Golf Polo,27.582062558175362
2017-10-08,Nike Men's Dri-FIT Victory Golf Polo,27.58206255830273
2017-10-09,Nike Men's Dri-FIT Victory Golf Polo,27.58206255830355
2017-10-10,Nike Men's Dri-FIT Victory Golf Polo,27.582062558303555
2017-10-11,Nike Men's Dri-FIT Victory Golf Polo,27.582062558303555
2017-10-12,Nike Men's Dri-FIT Victory Golf Polo,27.582062558303555
2017-10-13,Nike Men's Dri-FIT Victory Golf Polo,27.582062558303555
2017-10-14,Nike Men's Dri-FIT Victory Golf Polo,27.582062558303555
2017-10-15,Nike Men's Dri-FIT Victory Golf Polo,27.582062558303555
2017-10-16,Nike Men's Dri-FIT Victory Golf Polo,27.582062558303555
2017-10-03,Nike Men's Free 5.0+ Running Shoe,16.18929011574247
2017-10-04,Nike Men's Free 5.0+ Running Shoe,16.18009917091292
2017-10-05,Nike Men's Free 5.0+ Running Shoe,16.180106720405874
2017-10-06,Nike Men's Free 5.0+ Running Shoe,16.18010671420468
2017-10-07,Nike Men's Free 5.0+ Running Shoe,16.180106714209774
2017-10-08,Nike Men's Free 5.0+ Running Shoe,16.18010671420977
2017-10-09,Nike Men's Free 5.0+ Running Shoe,16.18010671420977
2017-10-10,Nike Men's Free 5.0+ Running Shoe,16.18010671420977
2017-10-11,Nike Men's Free 5.0+ Running Shoe,16.18010671420977
2017-10-12,Nike Men's Free 5.0+ Running Shoe,16.18010671420977
2017-10-13,Nike Men's Free 5.0+ Running Shoe,16.18010671420977
2017-10-14,Nike Men's Free 5.0+ Running Shoe,16.18010671420977
2017-10-15,Nike Men's Free 5.0+ Running Shoe,16.18010671420977
2017-10-16,Nike Men's Free 5.0+ Running Shoe,16.18010671420977
2017-04-18,Nike Women's Legend V-Neck T-Shirt,0.2986225198452881
2017-04-19,Nike Women's Legend V-Neck T-Shirt,0.44783718910921905
2017-04-20,Nike Women's Legend V-Neck T-Shirt,0.4418218562654547
2017-04-21,Nike Women's Legend V-Neck T-Shirt,0.44206435406677524
2017-04-22,Nike Women's Legend V-Neck T-Shirt,0.44205457818484606
2017-04-23,Nike Women's Legend V-Neck T-Shirt,0.4420549722827182
2017-04-24,Nike Women's Legend V-Neck T-Shirt,0.44205495639534004
2017-04-25,Nike Women's Legend V-Neck T-Shirt,0.4420549570358124
2017-04-26,Nike Women's Legend V-Neck T-Shirt,0.4420549570099928
2017-04-27,Nike Women's Legend V-Neck T-Shirt,0.4420549570110337
2017-04-28,Nike Women's Legend V-Neck T-Shirt,0.44205495701099173
2017-04-29,Nike Women's Legend V-Neck T-Shirt,0.4420549570109934
2017-04-30,Nike Women's Legend V-Neck T-Shirt,0.44205495701099334
2017-05-01,Nike Women's Legend V-Neck T-Shirt,0.44205495701099334
2017-10-03,O'Brien Men's Neoprene Life Vest,24.733990551738522
2017-10-04,O'Brien Men's Neoprene Life Vest,24.860938856865527
2017-10-05,O'Brien Men's Neoprene Life Vest,24.862784046882524
2017-10-06,O'Brien Men's Neoprene Life Vest,24.862810866667125
2017-10-07,O'Brien Men's Neoprene Life Vest,24.862811256491934
2017-10-08,O'Brien Men's Neoprene Life Vest,24.862811262158026
2017-10-09,O'Brien Men's Neoprene Life Vest,24.86281126224038
2017-10-10,O'Brien Men's Neoprene Life Vest,24.86281126224158
2017-10-11,O'Brien Men's Neoprene Life Vest,24.862811262241596
2017-10-12,O'Brien Men's Neoprene Life Vest,24.862811262241596
2017-10-13,O'Brien Men's Neoprene Life Vest,24.862811262241596
2017-10-14,O'Brien Men's Neoprene Life Vest,24.862811262241596
2017-10-15,O'Brien Men's Neoprene Life Vest,24.862811262241596
2017-10-16,O'Brien Men's Neoprene Life Vest,24.862811262241596
2017-10-03,Pelican Sunstream 100 Kayak,6.518878560295507
2017-10-04,Pelican Sunstream 100 Kayak,6.641349640251085
2017-10-05,Pelican Sunstream 100 Kayak,6.647304339958294
2017-10-06,Pelican Sunstream 100 Kayak,6.647593865033241
2017-10-07,Pelican Sunstream 100 Kayak,6.6476079421107
2017-10-08,Pelican Sunstream 100 Kayak,6.6476086265561145
2017-10-09,Pelican Sunstream 100 Kayak,6.647608659834721
2017-10-10,Pelican Sunstream 100 Kayak,6.647608661452769
2017-10-11,Pelican Sunstream 100 Kayak,6.64760866153144
2017-10-12,Pelican Sunstream 100 Kayak,6.647608661535266
2017-10-13,Pelican Sunstream 100 Kayak,6.647608661535451
2017-10-14,Pelican Sunstream 100 Kayak,6.64760866153546
2017-10-15,Pelican Sunstream 100 Kayak,6.64760866153546
2017-10-16,Pelican Sunstream 100 Kayak,6.64760866153546
2017-10-03,Perfect Fitness Perfect Rip Deck,31.85408927413479
2017-10-04,Perfect Fitness Perfect Rip Deck,31.97221821914215
2017-10-05,Perfect Fitness Perfect Rip Deck,31.973994930249127
2017-10-06,Perfect Fitness Perfect Rip Deck,31.97402165276288
2017-10-07,Perfect Fitness Perfect Rip Deck,31.974022054681196
2017-10-08,Perfect Fitness Perfect Rip Deck,31.974022060726224
2017-10-09,Perfect Fitness Perfect Rip Deck,31.974022060817145
2017-10-10,Perfect Fitness Perfect Rip Deck,31.974022060818513
2017-10-11,Perfect Fitness Perfect Rip Deck,31.974022060818534
2017-10-12,Perfect Fitness Perfect Rip Deck,31.974022060818534
2017-10-13,Perfect Fitness Perfect Rip Deck,31.974022060818534
2017-10-14,Perfect Fitness Perfect Rip Deck,31.974022060818534
2017-10-15,Perfect Fitness Perfect Rip Deck,31.974022060818534
2017-10-16,Perfect Fitness Perfect Rip Deck,31.974022060818534
2017-04-23,Team Golf New England Patriots Putter Grip,0.47924870801041
2017-04-24,Team Golf New England Patriots Putter Grip,0.522108290734584
2017-04-25,Team Golf New England Patriots Putter Grip,0.5213795620269452
2017-04-26,Team Golf New England Patriots Putter Grip,0.5213919523839106
2017-04-27,Team Golf New England Patriots Putter Grip,0.521391741714365
2017-04-28,Team Golf New England Patriots Putter Grip,0.5213917452963165
2017-04-29,Team Golf New England Patriots Putter Grip,0.5213917452354137
2017-04-30,Team Golf New England Patriots Putter Grip,0.5213917452364492
2017-05-01,Team Golf New England Patriots Putter Grip,0.5213917452364315
2017-05-02,Team Golf New England Patriots Putter Grip,0.5213917452364318
2017-05-03,Team Golf New England Patriots Putter Grip,0.5213917452364318
2017-05-04,Team Golf New England Patriots Putter Grip,0.5213917452364318
2017-05-05,Team Golf New England Patriots Putter Grip,0.5213917452364318
2017-05-06,Team Golf New England Patriots Putter Grip,0.5213917452364318
2017-04-12,Team Golf Tennessee Volunteers Putter Grip,0.5331060288546461
2017-04-13,Team Golf Tennessee Volunteers Putter Grip,0.5047243301921117
2017-04-14,Team Golf Tennessee Volunteers Putter Grip,0.5041751965568143
2017-04-15,Team Golf Tennessee Volunteers Putter Grip,0.5041645718315997
2017-04-16,Team Golf Tennessee Volunteers Putter Grip,0.5041643662627205
2017-04-17,Team Golf Tennessee Volunteers Putter Grip,0.5041643622853411
2017-04-18,Team Golf Tennessee Volunteers Putter Grip,0.5041643622083861
2017-04-19,Team Golf Tennessee Volunteers Putter Grip,0.5041643622068972
2017-04-20,Team Golf Tennessee Volunteers Putter Grip,0.5041643622068684
2017-04-21,Team Golf Tennessee Volunteers Putter Grip,0.5041643622068679
2017-04-22,Team Golf Tennessee Volunteers Putter Grip,0.5041643622068679
2017-04-23,Team Golf Tennessee Volunteers Putter Grip,0.5041643622068679
2017-04-24,Team Golf Tennessee Volunteers Putter Grip,0.5041643622068679
2017-04-25,Team Golf Tennessee Volunteers Putter Grip,0.5041643622068679
2017-04-17,Titleist Pro V1 High Numbers Personalized Gol,0.36875737606867154
2017-04-18,Titleist Pro V1 High Numbers Personalized Gol,0.4409608925754979
2017-04-19,Titleist Pro V1 High Numbers Personalized Gol,0.43776495610383603
2017-04-20,Titleist Pro V1 High Numbers Personalized Gol,0.43790641749553894
2017-04-21,Titleist Pro V1 High Numbers Personalized Gol,0.43790015600519955
2017-04-22,Titleist Pro V1 High Numbers Personalized Gol,0.4379004331568718
2017-04-23,Titleist Pro V1 High Numbers Personalized Gol,0.4379004208893372
2017-04-24,Titleist Pro V1 High Numbers Personalized Gol,0.43790042143233376
2017-04-25,Titleist Pro V1 High Numbers Personalized Gol,0.43790042140829916
2017-04-26,Titleist Pro V1 High Numbers Personalized Gol,0.43790042140936297
2017-04-27,Titleist Pro V1 High Numbers Personalized Gol,0.4379004214093159
2017-04-28,Titleist Pro V1 High Numbers Personalized Gol,0.437900421409318
2017-04-29,Titleist Pro V1 High Numbers Personalized Gol,0.4379004214093179
2017-04-30,Titleist Pro V1 High Numbers Personalized Gol,0.4379004214093179
2017-10-02,Under Armour Girls' Toddler Spine Surge Runni,13.652985076761642
2017-10-03,Under Armour Girls' Toddler Spine Surge Runni,13.630587144240698
2017-10-04,Under Armour Girls' Toddler Spine Surge Runni,13.630694960486169
2017-10-05,Under Armour Girls' Toddler Spine Surge Runni,13.630694441494393
2017-10-06,Under Armour Girls' Toddler Spine Surge Runni,13.630694443992647
2017-10-07,Under Armour Girls' Toddler Spine Surge Runni,13.630694443980621
2017-10-08,Under Armour Girls' Toddler Spine Surge Runni,13.63069444398068
2017-10-09,Under Armour Girls' Toddler Spine Surge Runni,13.63069444398068
2017-10-10,Under Armour Girls' Toddler Spine Surge Runni,13.63069444398068
2017-10-11,Under Armour Girls' Toddler Spine Surge Runni,13.63069444398068
2017-10-12,Under Armour Girls' Toddler Spine Surge Runni,13.63069444398068
2017-10-13,Under Armour Girls' Toddler Spine Surge Runni,13.63069444398068
2017-10-14,Under Armour Girls' Toddler Spine Surge Runni,13.63069444398068
2017-10-15,Under Armour Girls' Toddler Spine Surge Runni,13.63069444398068
2017-04-18,Under Armour Men's Tech II T-Shirt,0.46789578874461446
2017-04-19,Under Armour Men's Tech II T-Shirt,0.5165829356507008
2017-04-20,Under Armour Men's Tech II T-Shirt,0.5150357574258511
2017-04-21,Under Armour Men's Tech II T-Shirt,0.5150849235941637
2017-04-22,Under Armour Men's Tech II T-Shirt,0.5150833611936155
2017-04-23,Under Armour Men's Tech II T-Shirt,0.5150834108435183
2017-04-24,Under Armour Men's Tech II T-Shirt,0.5150834092657456
2017-04-25,Under Armour Men's Tech II T-Shirt,0.515083409315884
2017-04-26,Under Armour Men's Tech II T-Shirt,0.5150834093142908
2017-04-27,Under Armour Men's Tech II T-Shirt,0.5150834093143414
2017-04-28,Under Armour Men's Tech II T-Shirt,0.5150834093143398
2017-04-29,Under Armour Men's Tech II T-Shirt,0.5150834093143398
2017-04-30,Under Armour Men's Tech II T-Shirt,0.5150834093143398
2017-05-01,Under Armour Men's Tech II T-Shirt,0.5150834093143398
2017-03-22,Bridgestone e6 Straight Distance NFL Carolina,0.4639532646441844
2017-03-23,Bridgestone e6 Straight Distance NFL Carolina,0.4949650654052418
2017-03-24,Bridgestone e6 Straight Distance NFL Carolina,0.4931709461185995
2017-03-25,Bridgestone e6 Straight Distance NFL Carolina,0.4932747409301135
2017-03-26,Bridgestone e6 Straight Distance NFL Carolina,0.4932687361103797
2017-03-27,Bridgestone e6 Straight Distance NFL Carolina,0.4932690835059721
2017-03-28,Bridgestone e6 Straight Distance NFL Carolina,0.49326906340816684
2017-03-29,Bridgestone e6 Straight Distance NFL Carolina,0.493269064570881
2017-03-30,Bridgestone e6 Straight Distance NFL Carolina,0.49326906450361474
2017-03-31,Bridgestone e6 Straight Distance NFL Carolina,0.4932690645075063
2017-04-01,Bridgestone e6 Straight Distance NFL Carolina,0.49326906450728114
2017-04-02,Bridgestone e6 Straight Distance NFL Carolina,0.4932690645072942
2017-04-03,Bridgestone e6 Straight Distance NFL Carolina,0.4932690645072934
2017-04-04,Bridgestone e6 Straight Distance NFL Carolina,0.49326906450729346
2017-04-18,Nike Dri-FIT Crew Sock 6 Pack,0.4644500287494473
2017-04-19,Nike Dri-FIT Crew Sock 6 Pack,0.4282833230629368
2017-04-20,Nike Dri-FIT Crew Sock 6 Pack,0.42584091680687763
2017-04-21,Nike Dri-FIT Crew Sock 6 Pack,0.4256759764782963
2017-04-22,Nike Dri-FIT Crew Sock 6 Pack,0.425664837744957
2017-04-23,Nike Dri-FIT Crew Sock 6 Pack,0.4256640855251605
2017-04-24,Nike Dri-FIT Crew Sock 6 Pack,0.4256640347263304
2017-04-25,Nike Dri-FIT Crew Sock 6 Pack,0.425664031295789
2017-04-26,Nike Dri-FIT Crew Sock 6 Pack,0.42566403106411804
2017-04-27,Nike Dri-FIT Crew Sock 6 Pack,0.42566403104847284
2017-04-28,Nike Dri-FIT Crew Sock 6 Pack,0.4256640310474163
2017-04-29,Nike Dri-FIT Crew Sock 6 Pack,0.42566403104734496
2017-04-30,Nike Dri-FIT Crew Sock 6 Pack,0.42566403104734013
2017-05-01,Nike Dri-FIT Crew Sock 6 Pack,0.4256640310473398
2017-04-14,TYR Boys' Team Digi Jammer,0.45825811830606167
2017-04-15,TYR Boys' Team Digi Jammer,0.4381008028165204
2017-04-16,TYR Boys' Team Digi Jammer,0.4379409449762451
2017-04-17,TYR Boys' Team Digi Jammer,0.4379396772216618
2017-04-18,TYR Boys' Team Digi Jammer,0.43793966716771837
2017-04-19,TYR Boys' Team Digi Jammer,0.43793966708798543
2017-04-20,TYR Boys' Team Digi Jammer,0.4379396670873531
2017-04-21,TYR Boys' Team Digi Jammer,0.4379396670873481
2017-04-22,TYR Boys' Team Digi Jammer,0.43793966708734805
2017-04-23,TYR Boys' Team Digi Jammer,0.43793966708734805
2017-04-24,TYR Boys' Team Digi Jammer,0.43793966708734805
2017-04-25,TYR Boys' Team Digi Jammer,0.43793966708734805
2017-04-26,TYR Boys' Team Digi Jammer,0.43793966708734805
2017-04-27,TYR Boys' Team Digi Jammer,0.43793966708734805
2017-04-11,Under Armour Men's Compression EV SL Slide,0.3760222100960273
2017-04-12,Under Armour Men's Compression EV SL Slide,0.4209603796632414
2017-04-13,Under Armour Men's Compression EV SL Slide,0.4197168656837977
2017-04-14,Under Armour Men's Compression EV SL Slide,0.4197512757862109
2017-04-15,Under Armour Men's Compression EV SL Slide,0.41975032360138015
2017-04-16,Under Armour Men's Compression EV SL Slide,0.41975034994991994
2017-04-17,Under Armour Men's Compression EV SL Slide,0.41975034922081195
2017-04-18,Under Armour Men's Compression EV SL Slide,0.4197503492409876
2017-04-19,Under Armour Men's Compression EV SL Slide,0.4197503492404293
2017-04-20,Under Armour Men's Compression EV SL Slide,0.41975034924044474
2017-04-21,Under Armour Men's Compression EV SL Slide,0.4197503492404443
2017-04-22,Under Armour Men's Compression EV SL Slide,0.4197503492404443
2017-04-23,Under Armour Men's Compression EV SL Slide,0.4197503492404443
2017-04-24,Under Armour Men's Compression EV SL Slide,0.4197503492404443
2017-04-21,adidas Youth Germany Black/Red Away Match Soc,0.47012613778080037
2017-04-22,adidas Youth Germany Black/Red Away Match Soc,0.46368251768674607
2017-04-23,adidas Youth Germany Black/Red Away Match Soc,0.4636041589623836
2017-04-24,adidas Youth Germany Black/Red Away Match Soc,0.46360320606795563
2017-04-25,adidas Youth Germany Black/Red Away Match Soc,0.4636031944801229
2017-04-26,adidas Youth Germany Black/Red Away Match Soc,0.4636031943392071
2017-04-27,adidas Youth Germany Black/Red Away Match Soc,0.4636031943374935
2017-04-28,adidas Youth Germany Black/Red Away Match Soc,0.46360319433747266
2017-04-29,adidas Youth Germany Black/Red Away Match Soc,0.4636031943374724
2017-04-30,adidas Youth Germany Black/Red Away Match Soc,0.4636031943374724
2017-05-01,adidas Youth Germany Black/Red Away Match Soc,0.4636031943374724
2017-05-02,adidas Youth Germany Black/Red Away Match Soc,0.4636031943374724
2017-05-03,adidas Youth Germany Black/Red Away Match Soc,0.4636031943374724
2017-05-04,adidas Youth Germany Black/Red Away Match Soc,0.4636031943374724
2017-04-18,Clicgear 8.0 Shoe Brush,0.5434358824138426
2017-04-19,Clicgear 8.0 Shoe Brush,0.41106374109917054
2017-04-20,Clicgear 8.0 Shoe Brush,0.40393085835827586
2017-04-21,Clicgear 8.0 Shoe Brush,0.4035465024379889
2017-04-22,Clicgear 8.0 Shoe Brush,0.40352579139046074
2017-04-23,Clicgear 8.0 Shoe Brush,0.40352467537411474
2017-04-24,Clicgear 8.0 Shoe Brush,0.4035246152374904
2017-04-25,Clicgear 8.0 Shoe Brush,0.4035246119970239
2017-04-26,Clicgear 8.0 Shoe Brush,0.4035246118224111
2017-04-27,Clicgear 8.0 Shoe Brush,0.4035246118130021
2017-04-28,Clicgear 8.0 Shoe Brush,0.4035246118124951
2017-04-29,Clicgear 8.0 Shoe Brush,0.4035246118124678
2017-04-30,Clicgear 8.0 Shoe Brush,0.4035246118124663
2017-05-01,Clicgear 8.0 Shoe Brush,0.40352461181246624
2017-04-20,Glove It Women's Imperial Golf Glove,0.4466791892551538
2017-04-21,Glove It Women's Imperial Golf Glove,0.5215273354927434
2017-04-22,Glove It Women's Imperial Golf Glove,0.5199507131460465
2017-04-23,Glove It Women's Imperial Golf Glove,0.5199839235613881
2017-04-24,Glove It Women's Imperial Golf Glove,0.5199832240078841
2017-04-25,Glove It Women's Imperial Golf Glove,0.5199832387434753
2017-04-26,Glove It Women's Imperial Golf Glove,0.5199832384330807
2017-04-27,Glove It Women's Imperial Golf Glove,0.5199832384396189
2017-04-28,Glove It Women's Imperial Golf Glove,0.5199832384394811
2017-04-29,Glove It Women's Imperial Golf Glove,0.519983238439484
2017-04-30,Glove It Women's Imperial Golf Glove,0.5199832384394839
2017-05-01,Glove It Women's Imperial Golf Glove,0.5199832384394839
2017-05-02,Glove It Women's Imperial Golf Glove,0.5199832384394839
2017-05-03,Glove It Women's Imperial Golf Glove,0.5199832384394839
2017-04-23,Glove It Women's Mod Oval 3-Zip Carry All Gol,0.42849473087370815
2017-04-24,Glove It Women's Mod Oval 3-Zip Carry All Gol,0.4269578190707404
2017-04-25,Glove It Women's Mod Oval 3-Zip Carry All Gol,0.42695631599089934
2017-04-26,Glove It Women's Mod Oval 3-Zip Carry All Gol,0.4269563145209067
2017-04-27,Glove It Women's Mod Oval 3-Zip Carry All Gol,0.4269563145194691
2017-04-28,Glove It Women's Mod Oval 3-Zip Carry All Gol,0.4269563145194677
2017-04-29,Glove It Women's Mod Oval 3-Zip Carry All Gol,0.4269563145194677
2017-04-30,Glove It Women's Mod Oval 3-Zip Carry All Gol,0.4269563145194677
2017-05-01,Glove It Women's Mod Oval 3-Zip Carry All Gol,0.4269563145194677
2017-05-02,Glove It Women's Mod Oval 3-Zip Carry All Gol,0.4269563145194677
2017-05-03,Glove It Women's Mod Oval 3-Zip Carry All Gol,0.4269563145194677
2017-05-04,Glove It Women's Mod Oval 3-Zip Carry All Gol,0.4269563145194677
2017-05-05,Glove It Women's Mod Oval 3-Zip Carry All Gol,0.4269563145194677
2017-05-06,Glove It Women's Mod Oval 3-Zip Carry All Gol,0.4269563145194677
2017-04-22,Hirzl Men's Hybrid Golf Glove,0.45884954587979254
2017-04-23,Hirzl Men's Hybrid Golf Glove,0.49174839852916175
2017-04-24,Hirzl Men's Hybrid Golf Glove,0.49104610855951514
2017-04-25,Hirzl Men's Hybrid Golf Glove,0.4910611003042645
2017-04-26,Hirzl Men's Hybrid Golf Glove,0.4910607802763268
2017-04-27,Hirzl Men's Hybrid Golf Glove,0.4910607871079453
2017-04-28,Hirzl Men's Hybrid Golf Glove,0.49106078696211114
2017-04-29,Hirzl Men's Hybrid Golf Glove,0.49106078696522426
2017-04-30,Hirzl Men's Hybrid Golf Glove,0.4910607869651578
2017-05-01,Hirzl Men's Hybrid Golf Glove,0.49106078696515926
2017-05-02,Hirzl Men's Hybrid Golf Glove,0.4910607869651592
2017-05-03,Hirzl Men's Hybrid Golf Glove,0.4910607869651592
2017-05-04,Hirzl Men's Hybrid Golf Glove,0.4910607869651592
2017-05-05,Hirzl Men's Hybrid Golf Glove,0.4910607869651592
2017-04-22,Nike Men's Deutschland Weltmeister Winners Bl,0.5532510490674087
2017-04-23,Nike Men's Deutschland Weltmeister Winners Bl,0.5064352288084889
2017-04-24,Nike Men's Deutschland Weltmeister Winners Bl,0.5055394601495589
2017-04-25,Nike Men's Deutschland Weltmeister Winners Bl,0.5055223206124134
2017-04-26,Nike Men's Deutschland Weltmeister Winners Bl,0.5055219926664303
2017-04-27,Nike Men's Deutschland Weltmeister Winners Bl,0.5055219863915486
2017-04-28,Nike Men's Deutschland Weltmeister Winners Bl,0.5055219862714857
2017-04-29,Nike Men's Deutschland Weltmeister Winners Bl,0.5055219862691884
2017-04-30,Nike Men's Deutschland Weltmeister Winners Bl,0.5055219862691445
2017-05-01,Nike Men's Deutschland Weltmeister Winners Bl,0.5055219862691436
2017-05-02,Nike Men's Deutschland Weltmeister Winners Bl,0.5055219862691436
2017-05-03,Nike Men's Deutschland Weltmeister Winners Bl,0.5055219862691436
2017-05-04,Nike Men's Deutschland Weltmeister Winners Bl,0.5055219862691436
2017-05-05,Nike Men's Deutschland Weltmeister Winners Bl,0.5055219862691436
2017-04-23,Nike Women's Tempo Shorts,0.4350291282816482
2017-04-24,Nike Women's Tempo Shorts,0.471860849547135
2017-04-25,Nike Women's Tempo Shorts,0.4694597068346753
2017-04-26,Nike Women's Tempo Shorts,0.4696162427262249
2017-04-27,Nike Women's Tempo Shorts,0.4696060377995389
2017-04-28,Nike Women's Tempo Shorts,0.46960670308165176
2017-04-29,Nike Women's Tempo Shorts,0.46960665971041515
2017-04-30,Nike Women's Tempo Shorts,0.4696066625378836
2017-05-01,Nike Women's Tempo Shorts,0.4696066623535546
2017-05-02,Nike Women's Tempo Shorts,0.4696066623655714
2017-05-03,Nike Women's Tempo Shorts,0.469606662364788
2017-05-04,Nike Women's Tempo Shorts,0.46960666236483906
2017-05-05,Nike Women's Tempo Shorts,0.4696066623648357
2017-05-06,Nike Women's Tempo Shorts,0.46960666236483595
2017-04-15,Titleist Pro V1x Golf Balls,0.4952748730962274
2017-04-16,Titleist Pro V1x Golf Balls,0.4597037558821609
2017-04-17,Titleist Pro V1x Golf Balls,0.4571968381314659
2017-04-18,Titleist Pro V1x Golf Balls,0.4570201600538298
2017-04-19,Titleist Pro V1x Golf Balls,0.4570077084514154
2017-04-20,Titleist Pro V1x Golf Balls,0.45700683090959043
2017-04-21,Titleist Pro V1x Golf Balls,0.457006769063763
2017-04-22,Titleist Pro V1x Golf Balls,0.45700676470510304
2017-04-23,Titleist Pro V1x Golf Balls,0.4570067643979212
2017-04-24,Titleist Pro V1x Golf Balls,0.4570067643762722
2017-04-25,Titleist Pro V1x Golf Balls,0.45700676437474647
2017-04-26,Titleist Pro V1x Golf Balls,0.45700676437463894
2017-04-27,Titleist Pro V1x Golf Balls,0.45700676437463134
2017-04-28,Titleist Pro V1x Golf Balls,0.4570067643746308
2017-04-23,Titleist Pro V1x High Numbers Golf Balls,0.3144712588547298
2017-04-24,Titleist Pro V1x High Numbers Golf Balls,0.4307039155710339
2017-04-25,Titleist Pro V1x High Numbers Golf Balls,0.42782056318249895
2017-04-26,Titleist Pro V1x High Numbers Golf Balls,0.42789208973305143
2017-04-27,Titleist Pro V1x High Numbers Golf Balls,0.4278903153930664
2017-04-28,Titleist Pro V1x High Numbers Golf Balls,0.42789035940864323
2017-04-29,Titleist Pro V1x High Numbers Golf Balls,0.4278903583167606
2017-04-30,Titleist Pro V1x High Numbers Golf Balls,0.42789035834384664
2017-05-01,Titleist Pro V1x High Numbers Golf Balls,0.42789035834317474
2017-05-02,Titleist Pro V1x High Numbers Golf Balls,0.4278903583431914
2017-05-03,Titleist Pro V1x High Numbers Golf Balls,0.427890358343191
2017-05-04,Titleist Pro V1x High Numbers Golf Balls,0.427890358343191
2017-05-05,Titleist Pro V1x High Numbers Golf Balls,0.427890358343191
2017-05-06,Titleist Pro V1x High Numbers Golf Balls,0.427890358343191
2017-04-15,Nike Men's Comfort 2 Slide,0.9835148452843923
2017-04-16,Nike Men's Comfort 2 Slide,0.5454805666729492
2017-04-17,Nike Men's Comfort 2 Slide,0.4977089400273546
2017-04-18,Nike Men's Comfort 2 Slide,0.4924990091525373
2017-04-19,Nike Men's Comfort 2 Slide,0.4919308187511146
2017-04-20,Nike Men's Comfort 2 Slide,0.4918688524141274
2017-04-21,Nike Men's Comfort 2 Slide,0.49186209442083856
2017-04-22,Nike Men's Comfort 2 Slide,0.49186135740013487
2017-04-23,Nike Men's Comfort 2 Slide,0.4918612770213161
2017-04-24,Nike Men's Comfort 2 Slide,0.49186126825527404
2017-04-25,Nike Men's Comfort 2 Slide,0.49186126729925733
2017-04-26,Nike Men's Comfort 2 Slide,0.491861267194995
2017-04-27,Nike Men's Comfort 2 Slide,0.4918612671836243
2017-04-28,Nike Men's Comfort 2 Slide,0.4918612671823842
2017-04-23,Under Armour Women's Ignite PIP VI Slide,0.4785293765183716
2017-04-24,Under Armour Women's Ignite PIP VI Slide,0.4489820771142694
2017-04-25,Under Armour Women's Ignite PIP VI Slide,0.4473078832809778
2017-04-26,Under Armour Women's Ignite PIP VI Slide,0.447213020973831
2017-04-27,Under Armour Women's Ignite PIP VI Slide,0.4472076459347296
2017-04-28,Under Armour Women's Ignite PIP VI Slide,0.44720734137703744
2017-04-29,Under Armour Women's Ignite PIP VI Slide,0.44720732412034664
2017-04-30,Under Armour Women's Ignite PIP VI Slide,0.4472073231425569
2017-05-01,Under Armour Women's Ignite PIP VI Slide,0.4472073230871539
2017-05-02,Under Armour Women's Ignite PIP VI Slide,0.4472073230840147
2017-05-03,Under Armour Women's Ignite PIP VI Slide,0.4472073230838368
2017-05-04,Under Armour Women's Ignite PIP VI Slide,0.4472073230838267
2017-05-05,Under Armour Women's Ignite PIP VI Slide,0.44720732308382616
2017-05-06,Under Armour Women's Ignite PIP VI Slide,0.4472073230838261
2017-04-23,Under Armour Kids' Mercenary Slide,0.18004685539392717
2017-04-24,Under Armour Kids' Mercenary Slide,0.35724059699266963
2017-04-25,Under Armour Kids' Mercenary Slide,0.3507265041955439
2017-04-26,Under Armour Kids' Mercenary Slide,0.35096597882137837
2017-04-27,Under Armour Kids' Mercenary Slide,0.3509571751248078
2017-04-28,Under Armour Kids' Mercenary Slide,0.35095749877109406
2017-04-29,Under Armour Kids' Mercenary Slide,0.3509574868730331
2017-04-30,Under Armour Kids' Mercenary Slide,0.3509574873104361
2017-05-01,Under Armour Kids' Mercenary Slide,0.35095748729435605
2017-05-02,Under Armour Kids' Mercenary Slide,0.3509574872949472
2017-05-03,Under Armour Kids' Mercenary Slide,0.3509574872949255
2017-05-04,Under Armour Kids' Mercenary Slide,0.35095748729492626
2017-05-05,Under Armour Kids' Mercenary Slide,0.3509574872949262
2017-05-06,Under Armour Kids' Mercenary Slide,0.3509574872949262
2017-04-22,Hirzl Women's Soffft Flex Golf Glove,0.5359680718537152
2017-04-23,Hirzl Women's Soffft Flex Golf Glove,0.4824576364310128
2017-04-24,Hirzl Women's Soffft Flex Golf Glove,0.4805018275145005
2017-04-25,Hirzl Women's Soffft Flex Golf Glove,0.4804303426071606
2017-04-26,Hirzl Women's Soffft Flex Golf Glove,0.4804277298304552
2017-04-27,Hirzl Women's Soffft Flex Golf Glove,0.48042763433334446
2017-04-28,Hirzl Women's Soffft Flex Golf Glove,0.4804276308429206
2017-04-29,Hirzl Women's Soffft Flex Golf Glove,0.48042763071534544
2017-04-30,Hirzl Women's Soffft Flex Golf Glove,0.48042763071068256
2017-05-01,Hirzl Women's Soffft Flex Golf Glove,0.48042763071051214
2017-05-02,Hirzl Women's Soffft Flex Golf Glove,0.4804276307105059
2017-05-03,Hirzl Women's Soffft Flex Golf Glove,0.4804276307105057
2017-05-04,Hirzl Women's Soffft Flex Golf Glove,0.4804276307105057
2017-05-05,Hirzl Women's Soffft Flex Golf Glove,0.4804276307105057
2017-04-17,Team Golf San Francisco Giants Putter Grip,0.37608802824928667
2017-04-18,Team Golf San Francisco Giants Putter Grip,0.4634751159305019
2017-04-19,Team Golf San Francisco Giants Putter Grip,0.46136786190420853
2017-04-20,Team Golf San Francisco Giants Putter Grip,0.46141867627105787
2017-04-21,Team Golf San Francisco Giants Putter Grip,0.4614174509323725
2017-04-22,Team Golf San Francisco Giants Putter Grip,0.46141748048021475
2017-04-23,Team Golf San Francisco Giants Putter Grip,0.4614174797676975
2017-04-24,Team Golf San Francisco Giants Putter Grip,0.4614174797848791
2017-04-25,Team Golf San Francisco Giants Putter Grip,0.4614174797844648
2017-04-26,Team Golf San Francisco Giants Putter Grip,0.4614174797844748
2017-04-27,Team Golf San Francisco Giants Putter Grip,0.46141747978447456
2017-04-28,Team Golf San Francisco Giants Putter Grip,0.46141747978447456
2017-04-29,Team Golf San Francisco Giants Putter Grip,0.46141747978447456
2017-04-30,Team Golf San Francisco Giants Putter Grip,0.46141747978447456
2017-04-22,Top Flite Women's 2014 XL Hybrid,0.4981272490479638
2017-04-23,Top Flite Women's 2014 XL Hybrid,0.5054245006457497
2017-04-24,Top Flite Women's 2014 XL Hybrid,0.5053890449915689
2017-04-25,Top Flite Women's 2014 XL Hybrid,0.5053892172623747
2017-04-26,Top Flite Women's 2014 XL Hybrid,0.5053892164253508
2017-04-27,Top Flite Women's 2014 XL Hybrid,0.5053892164294177
2017-04-28,Top Flite Women's 2014 XL Hybrid,0.5053892164293979
2017-04-29,Top Flite Women's 2014 XL Hybrid,0.505389216429398
2017-04-30,Top Flite Women's 2014 XL Hybrid,0.505389216429398
2017-05-01,Top Flite Women's 2014 XL Hybrid,0.505389216429398
2017-05-02,Top Flite Women's 2014 XL Hybrid,0.505389216429398
2017-05-03,Top Flite Women's 2014 XL Hybrid,0.505389216429398
2017-05-04,Top Flite Women's 2014 XL Hybrid,0.505389216429398
2017-05-05,Top Flite Women's 2014 XL Hybrid,0.505389216429398
2017-04-13,adidas Men's Germany Black Crest Away Tee,0.270839932673562
2017-04-14,adidas Men's Germany Black Crest Away Tee,0.3373460423591573
2017-04-15,adidas Men's Germany Black Crest Away Tee,0.33478811686163457
2017-04-16,adidas Men's Germany Black Crest Away Tee,0.3348864985423825
2017-04-17,adidas Men's Germany Black Crest Away Tee,0.3348827146342444
2017-04-18,adidas Men's Germany Black Crest Away Tee,0.3348828601690705
2017-04-19,adidas Men's Germany Black Crest Away Tee,0.3348828545715811
2017-04-20,adidas Men's Germany Black Crest Away Tee,0.334882854786869
2017-04-21,adidas Men's Germany Black Crest Away Tee,0.3348828547785887
2017-04-22,adidas Men's Germany Black Crest Away Tee,0.33488285477890717
2017-04-23,adidas Men's Germany Black Crest Away Tee,0.3348828547788949
2017-04-24,adidas Men's Germany Black Crest Away Tee,0.33488285477889534
2017-04-25,adidas Men's Germany Black Crest Away Tee,0.33488285477889534
2017-04-26,adidas Men's Germany Black Crest Away Tee,0.33488285477889534
2017-04-23,Clicgear Rovic Cooler Bag,0.5986548423196063
2017-04-24,Clicgear Rovic Cooler Bag,0.4130399444467075
2017-04-25,Clicgear Rovic Cooler Bag,0.40291074887401757
2017-04-26,Clicgear Rovic Cooler Bag,0.4023579882706092
2017-04-27,Clicgear Rovic Cooler Bag,0.4023278235568876
2017-04-28,Clicgear Rovic Cooler Bag,0.40232617743748567
2017-04-29,Clicgear Rovic Cooler Bag,0.4023260876070596
2017-04-30,Clicgear Rovic Cooler Bag,0.40232608270492104
2017-05-01,Clicgear Rovic Cooler Bag,0.4023260824374063
2017-05-02,Clicgear Rovic Cooler Bag,0.40232608242280776
2017-05-03,Clicgear Rovic Cooler Bag,0.4023260824220111
2017-05-04,Clicgear Rovic Cooler Bag,0.40232608242196766
2017-05-05,Clicgear Rovic Cooler Bag,0.40232608242196527
2017-05-06,Clicgear Rovic Cooler Bag,0.40232608242196516
2017-04-20,LIJA Women's Eyelet Sleeveless Golf Polo,0.2587162981922413
2017-04-21,LIJA Women's Eyelet Sleeveless Golf Polo,0.49890976170421597
2017-04-22,LIJA Women's Eyelet Sleeveless Golf Polo,0.48674155926320173
2017-04-23,LIJA Women's Eyelet Sleeveless Golf Polo,0.4873580004788809
2017-04-24,LIJA Women's Eyelet Sleeveless Golf Polo,0.48732677156284093
2017-04-25,LIJA Women's Eyelet Sleeveless Golf Polo,0.4873283536199329
2017-04-26,LIJA Women's Eyelet Sleeveless Golf Polo,0.4873282734729102
2017-04-27,LIJA Women's Eyelet Sleeveless Golf Polo,0.4873282775331589
2017-04-28,LIJA Women's Eyelet Sleeveless Golf Polo,0.48732827732746664
2017-04-29,LIJA Women's Eyelet Sleeveless Golf Polo,0.48732827733788703
2017-04-30,LIJA Women's Eyelet Sleeveless Golf Polo,0.4873282773373591
2017-05-01,LIJA Women's Eyelet Sleeveless Golf Polo,0.4873282773373859
2017-05-02,LIJA Women's Eyelet Sleeveless Golf Polo,0.48732827733738454
2017-05-03,LIJA Women's Eyelet Sleeveless Golf Polo,0.4873282773373846
2017-04-22,Team Golf Pittsburgh Steelers Putter Grip,0.2833413814873671
2017-04-23,Team Golf Pittsburgh Steelers Putter Grip,0.40437838976675355
2017-04-24,Team Golf Pittsburgh Steelers Putter Grip,0.3989857514450328
2017-04-25,Team Golf Pittsburgh Steelers Putter Grip,0.3992260130681701
2017-04-26,Team Golf Pittsburgh Steelers Putter Grip,0.3992153085402362
2017-04-27,Team Golf Pittsburgh Steelers Putter Grip,0.3992157854658342
2017-04-28,Team Golf Pittsburgh Steelers Putter Grip,0.3992157642170666
2017-04-29,Team Golf Pittsburgh Steelers Putter Grip,0.3992157651637764
2017-04-30,Team Golf Pittsburgh Steelers Putter Grip,0.399215765121597
2017-05-01,Team Golf Pittsburgh Steelers Putter Grip,0.39921576512347623
2017-05-02,Team Golf Pittsburgh Steelers Putter Grip,0.3992157651233925
2017-05-03,Team Golf Pittsburgh Steelers Putter Grip,0.39921576512339624
2017-05-04,Team Golf Pittsburgh Steelers Putter Grip,0.39921576512339607
2017-05-05,Team Golf Pittsburgh Steelers Putter Grip,0.39921576512339607
2017-04-18,Under Armour Women's Micro G Skulpt Running S,0.38182711785295753
2017-04-19,Under Armour Women's Micro G Skulpt Running S,0.40983533624155055
2017-04-20,Under Armour Women's Micro G Skulpt Running S,0.4096185250711463
2017-04-21,Under Armour Women's Micro G Skulpt Running S,0.40962020340294736
2017-04-22,Under Armour Women's Micro G Skulpt Running S,0.4096201904110077
2017-04-23,Under Armour Women's Micro G Skulpt Running S,0.4096201905115781
2017-04-24,Under Armour Women's Micro G Skulpt Running S,0.4096201905107996
2017-04-25,Under Armour Women's Micro G Skulpt Running S,0.40962019051080567
2017-04-26,Under Armour Women's Micro G Skulpt Running S,0.4096201905108056
2017-04-27,Under Armour Women's Micro G Skulpt Running S,0.4096201905108056
2017-04-28,Under Armour Women's Micro G Skulpt Running S,0.4096201905108056
2017-04-29,Under Armour Women's Micro G Skulpt Running S,0.4096201905108056
2017-04-30,Under Armour Women's Micro G Skulpt Running S,0.4096201905108056
2017-05-01,Under Armour Women's Micro G Skulpt Running S,0.4096201905108056
2017-04-18,adidas Men's F10 Messi TRX FG Soccer Cleat,0.46102630713439097
2017-04-19,adidas Men's F10 Messi TRX FG Soccer Cleat,0.4725295773659419
2017-04-20,adidas Men's F10 Messi TRX FG Soccer Cleat,0.4722840640361233
2017-04-21,adidas Men's F10 Messi TRX FG Soccer Cleat,0.47228930400648866
2017-04-22,adidas Men's F10 Messi TRX FG Soccer Cleat,0.4722891921702415
2017-04-23,adidas Men's F10 Messi TRX FG Soccer Cleat,0.4722891945571531
2017-04-24,adidas Men's F10 Messi TRX FG Soccer Cleat,0.4722891945062095
2017-04-25,adidas Men's F10 Messi TRX FG Soccer Cleat,0.4722891945072968
2017-04-26,adidas Men's F10 Messi TRX FG Soccer Cleat,0.4722891945072736
2017-04-27,adidas Men's F10 Messi TRX FG Soccer Cleat,0.4722891945072741
2017-04-28,adidas Men's F10 Messi TRX FG Soccer Cleat,0.4722891945072741
2017-04-29,adidas Men's F10 Messi TRX FG Soccer Cleat,0.4722891945072741
2017-04-30,adidas Men's F10 Messi TRX FG Soccer Cleat,0.4722891945072741
2017-05-01,adidas Men's F10 Messi TRX FG Soccer Cleat,0.4722891945072741
2017-04-22,Columbia Men's PFG Anchor Tough T-Shirt,0.5671007367268497
2017-04-23,Columbia Men's PFG Anchor Tough T-Shirt,0.5321111376892249
2017-04-24,Columbia Men's PFG Anchor Tough T-Shirt,0.5317545085116921
2017-04-25,Columbia Men's PFG Anchor Tough T-Shirt,0.5317508735923514
2017-04-26,Columbia Men's PFG Anchor Tough T-Shirt,0.531750836543676
2017-04-27,Columbia Men's PFG Anchor Tough T-Shirt,0.5317508361660599
2017-04-28,Columbia Men's PFG Anchor Tough T-Shirt,0.5317508361622111
2017-04-29,Columbia Men's PFG Anchor Tough T-Shirt,0.5317508361621719
2017-04-30,Columbia Men's PFG Anchor Tough T-Shirt,0.5317508361621714
2017-05-01,Columbia Men's PFG Anchor Tough T-Shirt,0.5317508361621714
2017-05-02,Columbia Men's PFG Anchor Tough T-Shirt,0.5317508361621714
2017-05-03,Columbia Men's PFG Anchor Tough T-Shirt,0.5317508361621714
2017-05-04,Columbia Men's PFG Anchor Tough T-Shirt,0.5317508361621714
2017-05-05,Columbia Men's PFG Anchor Tough T-Shirt,0.5317508361621714
2017-04-19,Titleist Pro V1x High Numbers Personalized Go,0.43152954314812897
2017-04-20,Titleist Pro V1x High Numbers Personalized Go,0.5244014585623786
2017-04-21,Titleist Pro V1x High Numbers Personalized Go,0.5189023478618663
2017-04-22,Titleist Pro V1x High Numbers Personalized Go,0.5192279599520402
2017-04-23,Titleist Pro V1x High Numbers Personalized Go,0.5192086798831269
2017-04-24,Titleist Pro V1x High Numbers Personalized Go,0.5192098214901757
2017-04-25,Titleist Pro V1x High Numbers Personalized Go,0.5192097538935991
2017-04-26,Titleist Pro V1x High Numbers Personalized Go,0.5192097578961122
2017-04-27,Titleist Pro V1x High Numbers Personalized Go,0.5192097576591164
2017-04-28,Titleist Pro V1x High Numbers Personalized Go,0.5192097576731494
2017-04-29,Titleist Pro V1x High Numbers Personalized Go,0.5192097576723185
2017-04-30,Titleist Pro V1x High Numbers Personalized Go,0.5192097576723677
2017-05-01,Titleist Pro V1x High Numbers Personalized Go,0.5192097576723648
2017-05-02,Titleist Pro V1x High Numbers Personalized Go,0.519209757672365
2017-04-19,Under Armour Hustle Storm Medium Duffle Bag,0.3842959548492204
2017-04-20,Under Armour Hustle Storm Medium Duffle Bag,0.43466375809780516
2017-04-21,Under Armour Hustle Storm Medium Duffle Bag,0.43369387941111226
2017-04-22,Under Armour Hustle Storm Medium Duffle Bag,0.43371255532322733
2017-04-23,Under Armour Hustle Storm Medium Duffle Bag,0.4337121957012477
2017-04-24,Under Armour Hustle Storm Medium Duffle Bag,0.4337122026261019
2017-04-25,Under Armour Hustle Storm Medium Duffle Bag,0.4337122024927574
2017-04-26,Under Armour Hustle Storm Medium Duffle Bag,0.43371220249532505
2017-04-27,Under Armour Hustle Storm Medium Duffle Bag,0.4337122024952756
2017-04-28,Under Armour Hustle Storm Medium Duffle Bag,0.43371220249527653
2017-04-29,Under Armour Hustle Storm Medium Duffle Bag,0.43371220249527653
2017-04-30,Under Armour Hustle Storm Medium Duffle Bag,0.43371220249527653
2017-05-01,Under Armour Hustle Storm Medium Duffle Bag,0.43371220249527653
2017-05-02,Under Armour Hustle Storm Medium Duffle Bag,0.43371220249527653
2017-04-22,Hirzl Women's Hybrid Golf Glove,0.48551725515558863
2017-04-23,Hirzl Women's Hybrid Golf Glove,0.4697372289982876
2017-04-24,Hirzl Women's Hybrid Golf Glove,0.46925322982043294
2017-04-25,Hirzl Women's Hybrid Golf Glove,0.4692383847750681
2017-04-26,Hirzl Women's Hybrid Golf Glove,0.46923792945327836
2017-04-27,Hirzl Women's Hybrid Golf Glove,0.46923791548781535
2017-04-28,Hirzl Women's Hybrid Golf Glove,0.46923791505947177
2017-04-29,Hirzl Women's Hybrid Golf Glove,0.4692379150463338
2017-04-30,Hirzl Women's Hybrid Golf Glove,0.4692379150459308
2017-05-01,Hirzl Women's Hybrid Golf Glove,0.46923791504591844
2017-05-02,Hirzl Women's Hybrid Golf Glove,0.46923791504591805
2017-05-03,Hirzl Women's Hybrid Golf Glove,0.46923791504591805
2017-05-04,Hirzl Women's Hybrid Golf Glove,0.46923791504591805
2017-05-05,Hirzl Women's Hybrid Golf Glove,0.46923791504591805
2017-04-20,Under Armour Women's Ignite Slide,0.542453108158768
2017-04-21,Under Armour Women's Ignite Slide,0.46398588511574546
2017-04-22,Under Armour Women's Ignite Slide,0.45976159214339
2017-04-23,Under Armour Women's Ignite Slide,0.4595341767918042
2017-04-24,Under Armour Women's Ignite Slide,0.4595219338573119
2017-04-25,Under Armour Women's Ignite Slide,0.45952127475737015
2017-04-26,Under Armour Women's Ignite Slide,0.4595212392746406
2017-04-27,Under Armour Women's Ignite Slide,0.45952123736442335
2017-04-28,Under Armour Women's Ignite Slide,0.45952123726158656
2017-04-29,Under Armour Women's Ignite Slide,0.4595212372560503
2017-04-30,Under Armour Women's Ignite Slide,0.4595212372557523
2017-05-01,Under Armour Women's Ignite Slide,0.45952123725573624
2017-05-02,Under Armour Women's Ignite Slide,0.45952123725573535
2017-05-03,Under Armour Women's Ignite Slide,0.4595212372557353
2017-04-04,Bridgestone e6 Straight Distance NFL Tennesse,0.5928025841301139
2017-04-05,Bridgestone e6 Straight Distance NFL Tennesse,0.48405680969310055
2017-04-06,Bridgestone e6 Straight Distance NFL Tennesse,0.4805860265201547
2017-04-07,Bridgestone e6 Straight Distance NFL Tennesse,0.48047525131168367
2017-04-08,Bridgestone e6 Straight Distance NFL Tennesse,0.4804717157561043
2017-04-09,Bridgestone e6 Straight Distance NFL Tennesse,0.48047160291358815
2017-04-10,Bridgestone e6 Straight Distance NFL Tennesse,0.48047159931205136
2017-04-11,Bridgestone e6 Straight Distance NFL Tennesse,0.48047159919710297
2017-04-12,Bridgestone e6 Straight Distance NFL Tennesse,0.48047159919343424
2017-04-13,Bridgestone e6 Straight Distance NFL Tennesse,0.48047159919331717
2017-04-14,Bridgestone e6 Straight Distance NFL Tennesse,0.48047159919331345
2017-04-15,Bridgestone e6 Straight Distance NFL Tennesse,0.48047159919331334
2017-04-16,Bridgestone e6 Straight Distance NFL Tennesse,0.48047159919331334
2017-04-17,Bridgestone e6 Straight Distance NFL Tennesse,0.48047159919331334
2017-04-22,Team Golf Texas Longhorns Putter Grip,0.4197440474247637
2017-04-23,Team Golf Texas Longhorns Putter Grip,0.3855435401048328
2017-04-24,Team Golf Texas Longhorns Putter Grip,0.38352774914956644
2017-04-25,Team Golf Texas Longhorns Putter Grip,0.3834089376612653
2017-04-26,Team Golf Texas Longhorns Putter Grip,0.38340193486679625
2017-04-27,Team Golf Texas Longhorns Putter Grip,0.38340152211941736
2017-04-28,Team Golf Texas Longhorns Putter Grip,0.38340149779192934
2017-04-29,Team Golf Texas Longhorns Putter Grip,0.3834014963580579
2017-04-30,Team Golf Texas Longhorns Putter Grip,0.383401496273545
2017-05-01,Team Golf Texas Longhorns Putter Grip,0.38340149626856374
2017-05-02,Team Golf Texas Longhorns Putter Grip,0.38340149626827014
2017-05-03,Team Golf Texas Longhorns Putter Grip,0.3834014962682528
2017-05-04,Team Golf Texas Longhorns Putter Grip,0.3834014962682518
2017-05-05,Team Golf Texas Longhorns Putter Grip,0.38340149626825176
2017-04-05,Bag Boy Beverage Holder,0.5124712153102262
2017-04-06,Bag Boy Beverage Holder,0.44358099540361984
2017-04-07,Bag Boy Beverage Holder,0.44222018587579176
2017-04-08,Bag Boy Beverage Holder,0.4421933053900924
2017-04-09,Bag Boy Beverage Holder,0.44219277441165883
2017-04-10,Bag Boy Beverage Holder,0.4421927639230799
2017-04-11,Bag Boy Beverage Holder,0.4421927637158958
2017-04-12,Bag Boy Beverage Holder,0.4421927637118032
2017-04-13,Bag Boy Beverage Holder,0.4421927637117224
2017-04-14,Bag Boy Beverage Holder,0.4421927637117208
2017-04-15,Bag Boy Beverage Holder,0.4421927637117207
2017-04-16,Bag Boy Beverage Holder,0.4421927637117207
2017-04-17,Bag Boy Beverage Holder,0.4421927637117207
2017-04-18,Bag Boy Beverage Holder,0.4421927637117207
2017-04-19,ENO Atlas Hammock Straps,0.5067916031985424
2017-04-20,ENO Atlas Hammock Straps,0.5733982289511574
2017-04-21,ENO Atlas Hammock Straps,0.5716188178919615
2017-04-22,ENO Atlas Hammock Straps,0.5716663552605312
2017-04-23,ENO Atlas Hammock Straps,0.5716650852889871
2017-04-24,ENO Atlas Hammock Straps,0.5716651192165638
2017-04-25,ENO Atlas Hammock Straps,0.571665118310181
2017-04-26,ENO Atlas Hammock Straps,0.5716651183343952
2017-04-27,ENO Atlas Hammock Straps,0.5716651183337482
2017-04-28,ENO Atlas Hammock Straps,0.5716651183337655
2017-04-29,ENO Atlas Hammock Straps,0.5716651183337651
2017-04-30,ENO Atlas Hammock Straps,0.5716651183337651
2017-05-01,ENO Atlas Hammock Straps,0.5716651183337651
2017-05-02,ENO Atlas Hammock Straps,0.5716651183337651
2017-04-07,Team Golf St. Louis Cardinals Putter Grip,0.5720562564143885
2017-04-08,Team Golf St. Louis Cardinals Putter Grip,0.4899324466974048
2017-04-09,Team Golf St. Louis Cardinals Putter Grip,0.48520934737873267
2017-04-10,Team Golf St. Louis Cardinals Putter Grip,0.4849377127912614
2017-04-11,Team Golf St. Louis Cardinals Putter Grip,0.4849220905601516
2017-04-12,Team Golf St. Louis Cardinals Putter Grip,0.48492119209539014
2017-04-13,Team Golf St. Louis Cardinals Putter Grip,0.48492114042294193
2017-04-14,Team Golf St. Louis Cardinals Putter Grip,0.4849211374511594
2017-04-15,Team Golf St. Louis Cardinals Putter Grip,0.48492113728024644
2017-04-16,Team Golf St. Louis Cardinals Putter Grip,0.4849211372704169
2017-04-17,Team Golf St. Louis Cardinals Putter Grip,0.4849211372698516
2017-04-18,Team Golf St. Louis Cardinals Putter Grip,0.48492113726981906
2017-04-19,Team Golf St. Louis Cardinals Putter Grip,0.48492113726981717
2017-04-20,Team Golf St. Louis Cardinals Putter Grip,0.48492113726981706
2017-04-23,adidas Kids' F5 Messi FG Soccer Cleat,0.467024101121436
2017-04-24,adidas Kids' F5 Messi FG Soccer Cleat,0.5004588952256417
2017-04-25,adidas Kids' F5 Messi FG Soccer Cleat,0.5002122834011519
2017-04-26,adidas Kids' F5 Messi FG Soccer Cleat,0.5002141023862423
2017-04-27,adidas Kids' F5 Messi FG Soccer Cleat,0.5002140889695833
2017-04-28,adidas Kids' F5 Messi FG Soccer Cleat,0.5002140890685433
2017-04-29,adidas Kids' F5 Messi FG Soccer Cleat,0.5002140890678133
2017-04-30,adidas Kids' F5 Messi FG Soccer Cleat,0.5002140890678186
2017-05-01,adidas Kids' F5 Messi FG Soccer Cleat,0.5002140890678186
2017-05-02,adidas Kids' F5 Messi FG Soccer Cleat,0.5002140890678186
2017-05-03,adidas Kids' F5 Messi FG Soccer Cleat,0.5002140890678186
2017-05-04,adidas Kids' F5 Messi FG Soccer Cleat,0.5002140890678186
2017-05-05,adidas Kids' F5 Messi FG Soccer Cleat,0.5002140890678186
2017-05-06,adidas Kids' F5 Messi FG Soccer Cleat,0.5002140890678186
2017-09-03,Cleveland Golf Women's 588 RTX CB Satin Chrom,0.20746816879880248
2017-09-04,Cleveland Golf Women's 588 RTX CB Satin Chrom,0.2866867059433109
2017-09-05,Cleveland Golf Women's 588 RTX CB Satin Chrom,0.27876831531185287
2017-09-06,Cleveland Golf Women's 588 RTX CB Satin Chrom,0.27955980821809
2017-09-07,Cleveland Golf Women's 588 RTX CB Satin Chrom,0.27948069352802474
2017-09-08,Cleveland Golf Women's 588 RTX CB Satin Chrom,0.27948860153848804
2017-09-09,Cleveland Golf Women's 588 RTX CB Satin Chrom,0.27948781108314485
2017-09-10,Cleveland Golf Women's 588 RTX CB Satin Chrom,0.27948789009412395
2017-09-11,Cleveland Golf Women's 588 RTX CB Satin Chrom,0.27948788219648
2017-09-12,Cleveland Golf Women's 588 RTX CB Satin Chrom,0.27948788298589916
2017-09-13,Cleveland Golf Women's 588 RTX CB Satin Chrom,0.2794878829069918
2017-09-14,Cleveland Golf Women's 588 RTX CB Satin Chrom,0.2794878829148791
2017-09-15,Cleveland Golf Women's 588 RTX CB Satin Chrom,0.2794878829140907
2017-09-16,Cleveland Golf Women's 588 RTX CB Satin Chrom,0.27948788291416954
2017-09-09,Elevation Training Mask 2.0,0.8196857469595574
2017-09-10,Elevation Training Mask 2.0,0.8272707562863493
2017-09-11,Elevation Training Mask 2.0,0.8269516890716537
2017-09-12,Elevation Training Mask 2.0,0.8269651107937779
2017-09-13,Elevation Training Mask 2.0,0.8269645462023173
2017-09-14,Elevation Training Mask 2.0,0.8269645699521397
2017-09-15,Elevation Training Mask 2.0,0.8269645689530916
2017-09-16,Elevation Training Mask 2.0,0.826964568995117
2017-09-17,Elevation Training Mask 2.0,0.8269645689933492
2017-09-18,Elevation Training Mask 2.0,0.8269645689934236
2017-09-19,Elevation Training Mask 2.0,0.8269645689934205
2017-09-20,Elevation Training Mask 2.0,0.8269645689934206
2017-09-21,Elevation Training Mask 2.0,0.8269645689934206
2017-09-22,Elevation Training Mask 2.0,0.8269645689934206
2017-09-03,LIJA Women's Button Golf Dress,0.1329023938233953
2017-09-04,LIJA Women's Button Golf Dress,0.2527416470819015
2017-09-05,LIJA Women's Button Golf Dress,0.23617898271833349
2017-09-06,LIJA Women's Button Golf Dress,0.23846806449547428
2017-09-07,LIJA Women's Button Golf Dress,0.2381516965930996
2017-09-08,LIJA Women's Button Golf Dress,0.23819542095919802
2017-09-09,LIJA Women's Button Golf Dress,0.23818937793088713
2017-09-10,LIJA Women's Button Golf Dress,0.23819021312175265
2017-09-11,LIJA Women's Button Golf Dress,0.23819009769224514
2017-09-12,LIJA Women's Button Golf Dress,0.23819011364545029
2017-09-13,LIJA Women's Button Golf Dress,0.23819011144060023
2017-09-14,LIJA Women's Button Golf Dress,0.2381901117453267
2017-09-15,LIJA Women's Button Golf Dress,0.23819011170321128
2017-09-16,LIJA Women's Button Golf Dress,0.23819011170903193
2017-09-01,MDGolf Pittsburgh Penguins Putter,0.5477622575068857
2017-09-02,MDGolf Pittsburgh Penguins Putter,0.6997693137857933
2017-09-03,MDGolf Pittsburgh Penguins Putter,0.6838585958072675
2017-09-04,MDGolf Pittsburgh Penguins Putter,0.6855239852489766
2017-09-05,MDGolf Pittsburgh Penguins Putter,0.6853496674088704
2017-09-06,MDGolf Pittsburgh Penguins Putter,0.6853679134170522
2017-09-07,MDGolf Pittsburgh Penguins Putter,0.6853660035906433
2017-09-08,MDGolf Pittsburgh Penguins Putter,0.6853662034939249
2017-09-09,MDGolf Pittsburgh Penguins Putter,0.685366182569865
2017-09-10,MDGolf Pittsburgh Penguins Putter,0.6853661847600055
2017-09-11,MDGolf Pittsburgh Penguins Putter,0.6853661845307615
2017-09-12,MDGolf Pittsburgh Penguins Putter,0.6853661845547566
2017-09-13,MDGolf Pittsburgh Penguins Putter,0.6853661845522451
2017-09-14,MDGolf Pittsburgh Penguins Putter,0.685366184552508
2017-08-27,Merrell Men's All Out Flash Trail Running Sho,0.33457711569766324
2017-08-28,Merrell Men's All Out Flash Trail Running Sho,0.3272376663318728
2017-08-29,Merrell Men's All Out Flash Trail Running Sho,0.3271567140258073
2017-08-30,Merrell Men's All Out Flash Trail Running Sho,0.3271558211419504
2017-08-31,Merrell Men's All Out Flash Trail Running Sho,0.32715581129366295
2017-09-01,Merrell Men's All Out Flash Trail Running Sho,0.3271558111850388
2017-09-02,Merrell Men's All Out Flash Trail Running Sho,0.3271558111838407
2017-09-03,Merrell Men's All Out Flash Trail Running Sho,0.32715581118382747
2017-09-04,Merrell Men's All Out Flash Trail Running Sho,0.3271558111838273
2017-09-05,Merrell Men's All Out Flash Trail Running Sho,0.3271558111838273
2017-09-06,Merrell Men's All Out Flash Trail Running Sho,0.3271558111838273
2017-09-07,Merrell Men's All Out Flash Trail Running Sho,0.3271558111838273
2017-09-08,Merrell Men's All Out Flash Trail Running Sho,0.3271558111838273
2017-09-09,Merrell Men's All Out Flash Trail Running Sho,0.3271558111838273
2017-08-31,Nike Men's Kobe IX Elite Low Basketball Shoe,0.04594821410901617
2017-09-01,Nike Men's Kobe IX Elite Low Basketball Shoe,0.17086919683127022
2017-09-02,Nike Men's Kobe IX Elite Low Basketball Shoe,0.15451237830729456
2017-09-03,Nike Men's Kobe IX Elite Low Basketball Shoe,0.15665409626688767
2017-09-04,Nike Men's Kobe IX Elite Low Basketball Shoe,0.1563736654598991
2017-09-05,Nike Men's Kobe IX Elite Low Basketball Shoe,0.15641038431784024
2017-09-06,Nike Men's Kobe IX Elite Low Basketball Shoe,0.1564055764490366
2017-09-07,Nike Men's Kobe IX Elite Low Basketball Shoe,0.15640620597848628
2017-09-08,Nike Men's Kobe IX Elite Low Basketball Shoe,0.1564061235495881
2017-09-09,Nike Men's Kobe IX Elite Low Basketball Shoe,0.156406134342607
2017-09-10,Nike Men's Kobe IX Elite Low Basketball Shoe,0.15640613292939803
2017-09-11,Nike Men's Kobe IX Elite Low Basketball Shoe,0.15640613311443982
2017-09-12,Nike Men's Kobe IX Elite Low Basketball Shoe,0.15640613309021095
2017-09-13,Nike Men's Kobe IX Elite Low Basketball Shoe,0.15640613309338341
2017-09-09,TaylorMade Women's RBZ SL Rescue,0.13181036540487912
2017-09-10,TaylorMade Women's RBZ SL Rescue,0.2346538255670337
2017-09-11,TaylorMade Women's RBZ SL Rescue,0.22247125982716842
2017-09-12,TaylorMade Women's RBZ SL Rescue,0.22391437451595983
2017-09-13,TaylorMade Women's RBZ SL Rescue,0.22374342694633656
2017-09-14,TaylorMade Women's RBZ SL Rescue,0.22376367694572127
2017-09-15,TaylorMade Women's RBZ SL Rescue,0.22376127818406596
2017-09-16,TaylorMade Women's RBZ SL Rescue,0.22376156233506123
2017-09-17,TaylorMade Women's RBZ SL Rescue,0.22376152867528185
2017-09-18,TaylorMade Women's RBZ SL Rescue,0.22376153266253077
2017-09-19,TaylorMade Women's RBZ SL Rescue,0.22376153219021175
2017-09-20,TaylorMade Women's RBZ SL Rescue,0.2237615322461614
2017-09-21,TaylorMade Women's RBZ SL Rescue,0.22376153223953377
2017-09-22,TaylorMade Women's RBZ SL Rescue,0.22376153224031886
2017-09-10,insta-bed Neverflat Air Mattress,0.0818080991817175
2017-09-11,insta-bed Neverflat Air Mattress,0.13210888197753046
2017-09-12,insta-bed Neverflat Air Mattress,0.12935328290546644
2017-09-13,insta-bed Neverflat Air Mattress,0.12950424131652705
2017-09-14,insta-bed Neverflat Air Mattress,0.12949597144806144
2017-09-15,insta-bed Neverflat Air Mattress,0.1294964244915451
2017-09-16,insta-bed Neverflat Air Mattress,0.12949639967272253
2017-09-17,insta-bed Neverflat Air Mattress,0.1294964010323579
2017-09-18,insta-bed Neverflat Air Mattress,0.12949640095787376
2017-09-19,insta-bed Neverflat Air Mattress,0.1294964009619542
2017-09-20,insta-bed Neverflat Air Mattress,0.12949640096173065
2017-09-21,insta-bed Neverflat Air Mattress,0.1294964009617429
2017-09-22,insta-bed Neverflat Air Mattress,0.12949640096174223
2017-09-23,insta-bed Neverflat Air Mattress,0.12949640096174225
2017-09-10,GolfBuddy VT3 GPS Watch,0.18749348760431217
2017-09-11,GolfBuddy VT3 GPS Watch,0.15364529149165418
2017-09-12,GolfBuddy VT3 GPS Watch,0.15223521001833423
2017-09-13,GolfBuddy VT3 GPS Watch,0.15217646745625552
2017-09-14,GolfBuddy VT3 GPS Watch,0.15217402030077914
2017-09-15,GolfBuddy VT3 GPS Watch,0.15217391835476737
2017-09-16,GolfBuddy VT3 GPS Watch,0.15217391410780007
2017-09-17,GolfBuddy VT3 GPS Watch,0.15217391393087573
2017-09-18,GolfBuddy VT3 GPS Watch,0.15217391392350524
2017-09-19,GolfBuddy VT3 GPS Watch,0.15217391392319818
2017-09-20,GolfBuddy VT3 GPS Watch,0.15217391392318538
2017-09-21,GolfBuddy VT3 GPS Watch,0.15217391392318486
2017-09-22,GolfBuddy VT3 GPS Watch,0.15217391392318483
2017-09-23,GolfBuddy VT3 GPS Watch,0.15217391392318483
2017-08-31,Merrell Women's Siren Mid Waterproof Hiking B,0.1158503742099729
2017-09-01,Merrell Women's Siren Mid Waterproof Hiking B,0.24241016160524065
2017-09-02,Merrell Women's Siren Mid Waterproof Hiking B,0.2242940200401485
2017-09-03,Merrell Women's Siren Mid Waterproof Hiking B,0.22688721802160094
2017-09-04,Merrell Women's Siren Mid Waterproof Hiking B,0.22651602000756207
2017-09-05,Merrell Women's Siren Mid Waterproof Hiking B,0.22656915438704714
2017-09-06,Merrell Women's Siren Mid Waterproof Hiking B,0.22656154857511795
2017-09-07,Merrell Women's Siren Mid Waterproof Hiking B,0.2265626372934894
2017-09-08,Merrell Women's Siren Mid Waterproof Hiking B,0.2265624814511279
2017-09-09,Merrell Women's Siren Mid Waterproof Hiking B,0.22656250375886355
2017-09-10,Merrell Women's Siren Mid Waterproof Hiking B,0.22656250056566843
2017-09-11,Merrell Women's Siren Mid Waterproof Hiking B,0.2265625010227518
2017-09-12,Merrell Women's Siren Mid Waterproof Hiking B,0.22656250095732353
2017-09-13,Merrell Women's Siren Mid Waterproof Hiking B,0.22656250096668912
2017-09-09,The North Face Women's Recon Backpack,1.0669131440985145
2017-09-10,The North Face Women's Recon Backpack,0.5818632320133343
2017-09-11,The North Face Women's Recon Backpack,0.5220442079658943
2017-09-12,The North Face Women's Recon Backpack,0.5146669967782758
2017-09-13,The North Face Women's Recon Backpack,0.5137571985030053
2017-09-14,The North Face Women's Recon Backpack,0.5136449971737178
2017-09-15,The North Face Women's Recon Backpack,0.5136311598884249
2017-09-16,The North Face Women's Recon Backpack,0.5136294533982657
2017-09-17,The North Face Women's Recon Backpack,0.5136292429445096
2017-09-18,The North Face Women's Recon Backpack,0.5136292169901945
2017-09-19,The North Face Women's Recon Backpack,0.5136292137893655
2017-09-20,The North Face Women's Recon Backpack,0.5136292133946218
2017-09-21,The North Face Women's Recon Backpack,0.5136292133459398
2017-09-22,The North Face Women's Recon Backpack,0.513629213339936
2017-09-10,Yakima DoubleDown Ace Hitch Mount 4-Bike Rack,0.12119319731728673
2017-09-11,Yakima DoubleDown Ace Hitch Mount 4-Bike Rack,0.21193164370747652
2017-09-12,Yakima DoubleDown Ace Hitch Mount 4-Bike Rack,0.20256272937025105
2017-09-13,Yakima DoubleDown Ace Hitch Mount 4-Bike Rack,0.20353008730231015
2017-09-14,Yakima DoubleDown Ace Hitch Mount 4-Bike Rack,0.20343020578615628
2017-09-15,Yakima DoubleDown Ace Hitch Mount 4-Bike Rack,0.20344051873955085
2017-09-16,Yakima DoubleDown Ace Hitch Mount 4-Bike Rack,0.2034394539078201
2017-09-17,Yakima DoubleDown Ace Hitch Mount 4-Bike Rack,0.2034395638536883
2017-09-18,Yakima DoubleDown Ace Hitch Mount 4-Bike Rack,0.20343955250157172
2017-09-19,Yakima DoubleDown Ace Hitch Mount 4-Bike Rack,0.203439553673699
2017-09-20,Yakima DoubleDown Ace Hitch Mount 4-Bike Rack,0.20343955355267468
2017-09-21,Yakima DoubleDown Ace Hitch Mount 4-Bike Rack,0.20343955356517066
2017-09-22,Yakima DoubleDown Ace Hitch Mount 4-Bike Rack,0.2034395535638804
2017-09-23,Yakima DoubleDown Ace Hitch Mount 4-Bike Rack,0.20343955356401364
2017-09-12,adidas Brazuca 2014 Official Match Ball,0.21915235632120333
2017-09-13,adidas Brazuca 2014 Official Match Ball,0.1868036376138039
2017-09-14,adidas Brazuca 2014 Official Match Ball,0.18546350473323275
2017-09-15,adidas Brazuca 2014 Official Match Ball,0.18540798611582374
2017-09-16,adidas Brazuca 2014 Official Match Ball,0.18540568610742628
2017-09-17,adidas Brazuca 2014 Official Match Ball,0.18540559082337787
2017-09-18,adidas Brazuca 2014 Official Match Ball,0.1854055868759793
2017-09-19,adidas Brazuca 2014 Official Match Ball,0.18540558671244767
2017-09-20,adidas Brazuca 2014 Official Match Ball,0.18540558670567292
2017-09-21,adidas Brazuca 2014 Official Match Ball,0.18540558670539226
2017-09-22,adidas Brazuca 2014 Official Match Ball,0.18540558670538063
2017-09-23,adidas Brazuca 2014 Official Match Ball,0.18540558670538015
2017-09-24,adidas Brazuca 2014 Official Match Ball,0.18540558670538013
2017-09-25,adidas Brazuca 2014 Official Match Ball,0.18540558670538013
2017-09-07,Brooks Women's Ghost 6 Running Shoe,0.5276976767937185
2017-09-08,Brooks Women's Ghost 6 Running Shoe,0.6781235122725904
2017-09-09,Brooks Women's Ghost 6 Running Shoe,0.6627544324152421
2017-09-10,Brooks Women's Ghost 6 Running Shoe,0.6643246986857241
2017-09-11,Brooks Women's Ghost 6 Running Shoe,0.6641642638267019
2017-09-12,Brooks Women's Ghost 6 Running Shoe,0.6641806555333017
2017-09-13,Brooks Women's Ghost 6 Running Shoe,0.6641789807847658
2017-09-14,Brooks Women's Ghost 6 Running Shoe,0.6641791518946281
2017-09-15,Brooks Women's Ghost 6 Running Shoe,0.6641791344122513
2017-09-16,Brooks Women's Ghost 6 Running Shoe,0.6641791361984342
2017-09-17,Brooks Women's Ghost 6 Running Shoe,0.664179136015939
2017-09-18,Brooks Women's Ghost 6 Running Shoe,0.6641791360345847
2017-09-19,Brooks Women's Ghost 6 Running Shoe,0.6641791360326796
2017-09-20,Brooks Women's Ghost 6 Running Shoe,0.6641791360328743
2017-09-09,Mio ALPHA Heart Rate Monitor/Sport Watch,0.13048530322797713
2017-09-10,Mio ALPHA Heart Rate Monitor/Sport Watch,0.2152451868196858
2017-09-11,Mio ALPHA Heart Rate Monitor/Sport Watch,0.2127415446970085
2017-09-12,Mio ALPHA Heart Rate Monitor/Sport Watch,0.2128154974163001
2017-09-13,Mio ALPHA Heart Rate Monitor/Sport Watch,0.21281331299679337
2017-09-14,Mio ALPHA Heart Rate Monitor/Sport Watch,0.21281337752029741
2017-09-15,Mio ALPHA Heart Rate Monitor/Sport Watch,0.2128133756143986
2017-09-16,Mio ALPHA Heart Rate Monitor/Sport Watch,0.21281337567069514
2017-09-17,Mio ALPHA Heart Rate Monitor/Sport Watch,0.21281337566903225
2017-09-18,Mio ALPHA Heart Rate Monitor/Sport Watch,0.21281337566908137
2017-09-19,Mio ALPHA Heart Rate Monitor/Sport Watch,0.21281337566907993
2017-09-20,Mio ALPHA Heart Rate Monitor/Sport Watch,0.21281337566907998
2017-09-21,Mio ALPHA Heart Rate Monitor/Sport Watch,0.21281337566907998
2017-09-22,Mio ALPHA Heart Rate Monitor/Sport Watch,0.21281337566907998
2017-09-06,Nike Women's Free 5.0 TR FIT PRT 4 Training S,0.8471756070421659
2017-09-07,Nike Women's Free 5.0 TR FIT PRT 4 Training S,0.6842645418433576
2017-09-08,Nike Women's Free 5.0 TR FIT PRT 4 Training S,0.6778737069192478
2017-09-09,Nike Women's Free 5.0 TR FIT PRT 4 Training S,0.6776230009836051
2017-09-10,Nike Women's Free 5.0 TR FIT PRT 4 Training S,0.6776131660454612
2017-09-11,Nike Women's Free 5.0 TR FIT PRT 4 Training S,0.6776127802308691
2017-09-12,Nike Women's Free 5.0 TR FIT PRT 4 Training S,0.6776127650957562
2017-09-13,Nike Women's Free 5.0 TR FIT PRT 4 Training S,0.6776127645020211
2017-09-14,Nike Women's Free 5.0 TR FIT PRT 4 Training S,0.6776127644787295
2017-09-15,Nike Women's Free 5.0 TR FIT PRT 4 Training S,0.6776127644778158
2017-09-16,Nike Women's Free 5.0 TR FIT PRT 4 Training S,0.67761276447778
2017-09-17,Nike Women's Free 5.0 TR FIT PRT 4 Training S,0.6776127644777785
2017-09-18,Nike Women's Free 5.0 TR FIT PRT 4 Training S,0.6776127644777785
2017-09-19,Nike Women's Free 5.0 TR FIT PRT 4 Training S,0.6776127644777785
2017-09-11,Polar FT4 Heart Rate Monitor,0.28299696202094626
2017-09-12,Polar FT4 Heart Rate Monitor,0.6463650359323279
2017-09-13,Polar FT4 Heart Rate Monitor,0.6108427735642412
2017-09-14,Polar FT4 Heart Rate Monitor,0.6143153712257928
2017-09-15,Polar FT4 Heart Rate Monitor,0.6139758958175529
2017-09-16,Polar FT4 Heart Rate Monitor,0.6140090823724123
2017-09-17,Polar FT4 Heart Rate Monitor,0.6140058381096565
2017-09-18,Polar FT4 Heart Rate Monitor,0.6140061552634217
2017-09-19,Polar FT4 Heart Rate Monitor,0.6140061242589938
2017-09-20,Polar FT4 Heart Rate Monitor,0.6140061272899354
2017-09-21,Polar FT4 Heart Rate Monitor,0.6140061269936355
2017-09-22,Polar FT4 Heart Rate Monitor,0.6140061270226014
2017-09-23,Polar FT4 Heart Rate Monitor,0.6140061270197698
2017-09-24,Polar FT4 Heart Rate Monitor,0.6140061270200465
2017-09-03,TaylorMade 2014 Purelite Stand Bag,0.3264667002845384
2017-09-04,TaylorMade 2014 Purelite Stand Bag,0.2368356162847262
2017-09-05,TaylorMade 2014 Purelite Stand Bag,0.22490787459418873
2017-09-06,TaylorMade 2014 Purelite Stand Bag,0.22332057903234453
2017-09-07,TaylorMade 2014 Purelite Stand Bag,0.22310934816685313
2017-09-08,TaylorMade 2014 Purelite Stand Bag,0.22308123841866961
2017-09-09,TaylorMade 2014 Purelite Stand Bag,0.223077497687214
2017-09-10,TaylorMade 2014 Purelite Stand Bag,0.22307699988582028
2017-09-11,TaylorMade 2014 Purelite Stand Bag,0.2230769336404267
2017-09-12,TaylorMade 2014 Purelite Stand Bag,0.22307692482475797
2017-09-13,TaylorMade 2014 Purelite Stand Bag,0.22307692365160448
2017-09-14,TaylorMade 2014 Purelite Stand Bag,0.22307692349548597
2017-09-15,TaylorMade 2014 Purelite Stand Bag,0.22307692347471034
2017-09-16,TaylorMade 2014 Purelite Stand Bag,0.2230769234719456
2017-09-08,LIJA Women's Mid-Length Panel Golf Shorts,0.7551556159240587
2017-09-09,LIJA Women's Mid-Length Panel Golf Shorts,0.9212607089399482
2017-09-10,LIJA Women's Mid-Length Panel Golf Shorts,0.9089699229409112
2017-09-11,LIJA Women's Mid-Length Panel Golf Shorts,0.9098793677853246
2017-09-12,LIJA Women's Mid-Length Panel Golf Shorts,0.9098120742920448
2017-09-13,LIJA Women's Mid-Length Panel Golf Shorts,0.9098170536091146
2017-09-14,LIJA Women's Mid-Length Panel Golf Shorts,0.9098166851693551
2017-09-15,LIJA Women's Mid-Length Panel Golf Shorts,0.9098167124316994
2017-09-16,LIJA Women's Mid-Length Panel Golf Shorts,0.9098167104144486
2017-09-17,LIJA Women's Mid-Length Panel Golf Shorts,0.909816710563713
2017-09-18,LIJA Women's Mid-Length Panel Golf Shorts,0.9098167105526683
2017-09-19,LIJA Women's Mid-Length Panel Golf Shorts,0.9098167105534856
2017-09-20,LIJA Women's Mid-Length Panel Golf Shorts,0.9098167105534251
2017-09-21,LIJA Women's Mid-Length Panel Golf Shorts,0.9098167105534295
2017-09-10,Nike Kids' Grade School KD VI Basketball Shoe,0.6641791616415778
2017-09-11,Nike Kids' Grade School KD VI Basketball Shoe,0.4742572668235608
2017-09-12,Nike Kids' Grade School KD VI Basketball Shoe,0.46344423822307507
2017-09-13,Nike Kids' Grade School KD VI Basketball Shoe,0.4628286083736206
2017-09-14,Nike Kids' Grade School KD VI Basketball Shoe,0.4627935580537202
2017-09-15,Nike Kids' Grade School KD VI Basketball Shoe,0.4627915624959573
2017-09-16,Nike Kids' Grade School KD VI Basketball Shoe,0.4627914488807094
2017-09-17,Nike Kids' Grade School KD VI Basketball Shoe,0.4627914424121296
2017-09-18,Nike Kids' Grade School KD VI Basketball Shoe,0.462791442043847
2017-09-19,Nike Kids' Grade School KD VI Basketball Shoe,0.46279144202287914
2017-09-20,Nike Kids' Grade School KD VI Basketball Shoe,0.4627914420216854
2017-09-21,Nike Kids' Grade School KD VI Basketball Shoe,0.4627914420216174
2017-09-22,Nike Kids' Grade School KD VI Basketball Shoe,0.46279144202161354
2017-09-23,Nike Kids' Grade School KD VI Basketball Shoe,0.4627914420216133
2017-09-11,Nike Men's Fingertrap Max Training Shoe,0.37345269382922686
2017-09-12,Nike Men's Fingertrap Max Training Shoe,0.38486095157206673
2017-09-13,Nike Men's Fingertrap Max Training Shoe,0.3846532284784627
2017-09-14,Nike Men's Fingertrap Max Training Shoe,0.3846570107285301
2017-09-15,Nike Men's Fingertrap Max Training Shoe,0.3846569418608114
2017-09-16,Nike Men's Fingertrap Max Training Shoe,0.3846569431147641
2017-09-17,Nike Men's Fingertrap Max Training Shoe,0.384656943091932
2017-09-18,Nike Men's Fingertrap Max Training Shoe,0.3846569430923477
2017-09-19,Nike Men's Fingertrap Max Training Shoe,0.38465694309234016
2017-09-20,Nike Men's Fingertrap Max Training Shoe,0.3846569430923403
2017-09-21,Nike Men's Fingertrap Max Training Shoe,0.3846569430923403
2017-09-22,Nike Men's Fingertrap Max Training Shoe,0.3846569430923403
2017-09-23,Nike Men's Fingertrap Max Training Shoe,0.3846569430923403
2017-09-24,Nike Men's Fingertrap Max Training Shoe,0.3846569430923403
2017-09-09,Polar Loop Activity Tracker,0.09735159628242895
2017-09-10,Polar Loop Activity Tracker,0.1947860418789296
2017-09-11,Polar Loop Activity Tracker,0.18426868966338428
2017-09-12,Polar Loop Activity Tracker,0.18540396268668363
2017-09-13,Polar Loop Activity Tracker,0.18528141807554793
2017-09-14,Polar Loop Activity Tracker,0.18529464589071679
2017-09-15,Polar Loop Activity Tracker,0.18529321804258442
2017-09-16,Polar Loop Activity Tracker,0.18529337216858807
2017-09-17,Polar Loop Activity Tracker,0.18529335553178725
2017-09-18,Polar Loop Activity Tracker,0.185293357327611
2017-09-19,Polar Loop Activity Tracker,0.18529335713376466
2017-09-20,Polar Loop Activity Tracker,0.18529335715468898
2017-09-21,Polar Loop Activity Tracker,0.18529335715243034
2017-09-22,Polar Loop Activity Tracker,0.18529335715267414
2017-09-11,Titleist Small Wheeled Travel Cover,0.5545844142818976
2017-09-12,Titleist Small Wheeled Travel Cover,0.5184092317310235
2017-09-13,Titleist Small Wheeled Travel Cover,0.5175038562490378
2017-09-14,Titleist Small Wheeled Travel Cover,0.5174811969366148
2017-09-15,Titleist Small Wheeled Travel Cover,0.5174806298299837
2017-09-16,Titleist Small Wheeled Travel Cover,0.5174806156367052
2017-09-17,Titleist Small Wheeled Travel Cover,0.5174806152814825
2017-09-18,Titleist Small Wheeled Travel Cover,0.5174806152725921
2017-09-19,Titleist Small Wheeled Travel Cover,0.5174806152723697
2017-09-20,Titleist Small Wheeled Travel Cover,0.5174806152723641
2017-09-21,Titleist Small Wheeled Travel Cover,0.517480615272364
2017-09-22,Titleist Small Wheeled Travel Cover,0.517480615272364
2017-09-23,Titleist Small Wheeled Travel Cover,0.517480615272364
2017-09-24,Titleist Small Wheeled Travel Cover,0.517480615272364
2017-09-10,Cleveland Golf Collegiate My Custom Wedge 588,0.0526261552329651
2017-09-11,Cleveland Golf Collegiate My Custom Wedge 588,0.14160961937169747
2017-09-12,Cleveland Golf Collegiate My Custom Wedge 588,0.1332517182813669
2017-09-13,Cleveland Golf Collegiate My Custom Wedge 588,0.1340367462785557
2017-09-14,Cleveland Golf Collegiate My Custom Wedge 588,0.13396301138390812
2017-09-15,Cleveland Golf Collegiate My Custom Wedge 588,0.13396993704096513
2017-09-16,Cleveland Golf Collegiate My Custom Wedge 588,0.13396928653856865
2017-09-17,Cleveland Golf Collegiate My Custom Wedge 588,0.1339693476379509
2017-09-18,Cleveland Golf Collegiate My Custom Wedge 588,0.1339693418991027
2017-09-19,Cleveland Golf Collegiate My Custom Wedge 588,0.13396934243813235
2017-09-20,Cleveland Golf Collegiate My Custom Wedge 588,0.13396934238750322
2017-09-21,Cleveland Golf Collegiate My Custom Wedge 588,0.13396934239225863
2017-09-22,Cleveland Golf Collegiate My Custom Wedge 588,0.13396934239181196
2017-09-23,Cleveland Golf Collegiate My Custom Wedge 588,0.13396934239185393
2017-09-12,Merrell Women's Grassbow Sport Hiking Shoe,0.6782804685077768
2017-09-13,Merrell Women's Grassbow Sport Hiking Shoe,0.628226797612502
2017-09-14,Merrell Women's Grassbow Sport Hiking Shoe,0.6263312593304401
2017-09-15,Merrell Women's Grassbow Sport Hiking Shoe,0.6262594750773675
2017-09-16,Merrell Women's Grassbow Sport Hiking Shoe,0.6262567565994354
2017-09-17,Merrell Women's Grassbow Sport Hiking Shoe,0.626256653650363
2017-09-18,Merrell Women's Grassbow Sport Hiking Shoe,0.6262566497516697
2017-09-19,Merrell Women's Grassbow Sport Hiking Shoe,0.6262566496040257
2017-09-20,Merrell Women's Grassbow Sport Hiking Shoe,0.6262566495984344
2017-09-21,Merrell Women's Grassbow Sport Hiking Shoe,0.6262566495982227
2017-09-22,Merrell Women's Grassbow Sport Hiking Shoe,0.6262566495982147
2017-09-23,Merrell Women's Grassbow Sport Hiking Shoe,0.6262566495982144
2017-09-24,Merrell Women's Grassbow Sport Hiking Shoe,0.6262566495982144
2017-09-25,Merrell Women's Grassbow Sport Hiking Shoe,0.6262566495982144
2017-09-09,Garmin Approach S3 Golf GPS Watch,0.24666391245144093
2017-09-10,Garmin Approach S3 Golf GPS Watch,0.21184892391673948
2017-09-11,Garmin Approach S3 Golf GPS Watch,0.2102399694982466
2017-09-12,Garmin Approach S3 Golf GPS Watch,0.210165612606869
2017-09-13,Garmin Approach S3 Golf GPS Watch,0.21016217624644026
2017-09-14,Garmin Approach S3 Golf GPS Watch,0.21016201743704443
2017-09-15,Garmin Approach S3 Golf GPS Watch,0.2101620100977607
2017-09-16,Garmin Approach S3 Golf GPS Watch,0.21016200975858
2017-09-17,Garmin Approach S3 Golf GPS Watch,0.21016200974290494
2017-09-18,Garmin Approach S3 Golf GPS Watch,0.21016200974218052
2017-09-19,Garmin Approach S3 Golf GPS Watch,0.21016200974214705
2017-09-20,Garmin Approach S3 Golf GPS Watch,0.2101620097421455
2017-09-21,Garmin Approach S3 Golf GPS Watch,0.2101620097421454
2017-09-22,Garmin Approach S3 Golf GPS Watch,0.2101620097421454
2017-09-10,Nike Men's Free TR 5.0 TB Training Shoe,0.3873270590032265
2017-09-11,Nike Men's Free TR 5.0 TB Training Shoe,0.5781784791279396
2017-09-12,Nike Men's Free TR 5.0 TB Training Shoe,0.5555922103082331
2017-09-13,Nike Men's Free TR 5.0 TB Training Shoe,0.5582651772626456
2017-09-14,Nike Men's Free TR 5.0 TB Training Shoe,0.5579488455835881
2017-09-15,Nike Men's Free TR 5.0 TB Training Shoe,0.5579862817857119
2017-09-16,Nike Men's Free TR 5.0 TB Training Shoe,0.5579818514067071
2017-09-17,Nike Men's Free TR 5.0 TB Training Shoe,0.557982375718924
2017-09-18,Nike Men's Free TR 5.0 TB Training Shoe,0.5579823136693114
2017-09-19,Nike Men's Free TR 5.0 TB Training Shoe,0.557982321012559
2017-09-20,Nike Men's Free TR 5.0 TB Training Shoe,0.557982320143524
2017-09-21,Nike Men's Free TR 5.0 TB Training Shoe,0.5579823202463697
2017-09-22,Nike Men's Free TR 5.0 TB Training Shoe,0.5579823202341985
2017-09-23,Nike Men's Free TR 5.0 TB Training Shoe,0.5579823202356389
2017-09-10,Fitbit The One Wireless Activity & Sleep Trac,0.5664847311110193
2017-09-11,Fitbit The One Wireless Activity & Sleep Trac,0.4964146246568397
2017-09-12,Fitbit The One Wireless Activity & Sleep Trac,0.4929896037135293
2017-09-13,Fitbit The One Wireless Activity & Sleep Trac,0.4928221889762649
2017-09-14,Fitbit The One Wireless Activity & Sleep Trac,0.4928140057579088
2017-09-15,Fitbit The One Wireless Activity & Sleep Trac,0.4928136057628799
2017-09-16,Fitbit The One Wireless Activity & Sleep Trac,0.49281358621115634
2017-09-17,Fitbit The One Wireless Activity & Sleep Trac,0.49281358525546975
2017-09-18,Fitbit The One Wireless Activity & Sleep Trac,0.4928135852087559
2017-09-19,Fitbit The One Wireless Activity & Sleep Trac,0.4928135852064725
2017-09-20,Fitbit The One Wireless Activity & Sleep Trac,0.49281358520636087
2017-09-21,Fitbit The One Wireless Activity & Sleep Trac,0.49281358520635543
2017-09-22,Fitbit The One Wireless Activity & Sleep Trac,0.49281358520635515
2017-09-23,Fitbit The One Wireless Activity & Sleep Trac,0.49281358520635515
2017-09-01,Ogio Race Golf Shoes,0.23204539527715562
2017-09-02,Ogio Race Golf Shoes,0.20429258339329512
2017-09-03,Ogio Race Golf Shoes,0.20328963535089237
2017-09-04,Ogio Race Golf Shoes,0.20325339020283426
2017-09-05,Ogio Race Golf Shoes,0.20325208035356768
2017-09-06,Ogio Race Golf Shoes,0.203252033017436
2017-09-07,Ogio Race Golf Shoes,0.203252031306774
2017-09-08,Ogio Race Golf Shoes,0.20325203124495306
2017-09-09,Ogio Race Golf Shoes,0.20325203124271893
2017-09-10,Ogio Race Golf Shoes,0.2032520312426382
2017-09-11,Ogio Race Golf Shoes,0.20325203124263527
2017-09-12,Ogio Race Golf Shoes,0.20325203124263516
2017-09-13,Ogio Race Golf Shoes,0.20325203124263516
2017-09-14,Ogio Race Golf Shoes,0.20325203124263516
2017-09-03,Merrell Women's Grassbow Sport Waterproof Hik,0.15516981336133717
2017-09-04,Merrell Women's Grassbow Sport Waterproof Hik,0.21538889883874768
2017-09-05,Merrell Women's Grassbow Sport Waterproof Hik,0.21109651166664173
2017-09-06,Merrell Women's Grassbow Sport Waterproof Hik,0.21140247094000483
2017-09-07,Merrell Women's Grassbow Sport Waterproof Hik,0.21138066231156488
2017-09-08,Merrell Women's Grassbow Sport Waterproof Hik,0.2113822168200104
2017-09-09,Merrell Women's Grassbow Sport Waterproof Hik,0.21138210601540322
2017-09-10,Merrell Women's Grassbow Sport Waterproof Hik,0.2113821139135018
2017-09-11,Merrell Women's Grassbow Sport Waterproof Hik,0.21138211335052917
2017-09-12,Merrell Women's Grassbow Sport Waterproof Hik,0.2113821133906576
2017-09-13,Merrell Women's Grassbow Sport Waterproof Hik,0.21138211338779728
2017-09-14,Merrell Women's Grassbow Sport Waterproof Hik,0.21138211338800117
2017-09-15,Merrell Women's Grassbow Sport Waterproof Hik,0.21138211338798663
2017-09-16,Merrell Women's Grassbow Sport Waterproof Hik,0.21138211338798765
2017-09-07,TaylorMade White Smoke IN-12 Putter,0.7243343080588778
2017-09-08,TaylorMade White Smoke IN-12 Putter,0.7751264243009073
2017-09-09,TaylorMade White Smoke IN-12 Putter,0.77399276082763
2017-09-10,TaylorMade White Smoke IN-12 Putter,0.774018063826712
2017-09-11,TaylorMade White Smoke IN-12 Putter,0.7740174990720228
2017-09-12,TaylorMade White Smoke IN-12 Putter,0.7740175116771633
2017-09-13,TaylorMade White Smoke IN-12 Putter,0.7740175113958206
2017-09-14,TaylorMade White Smoke IN-12 Putter,0.7740175114021001
2017-09-15,TaylorMade White Smoke IN-12 Putter,0.77401751140196
2017-09-16,TaylorMade White Smoke IN-12 Putter,0.7740175114019631
2017-09-17,TaylorMade White Smoke IN-12 Putter,0.774017511401963
2017-09-18,TaylorMade White Smoke IN-12 Putter,0.774017511401963
2017-09-19,TaylorMade White Smoke IN-12 Putter,0.774017511401963
2017-09-20,TaylorMade White Smoke IN-12 Putter,0.774017511401963
2017-09-12,Bag Boy M330 Push Cart,1.9651482296184772
2017-09-13,Bag Boy M330 Push Cart,2.691650318074759
2017-09-14,Bag Boy M330 Push Cart,2.517735634767183
2017-09-15,Bag Boy M330 Push Cart,2.5593684360358533
2017-09-16,Bag Boy M330 Push Cart,2.54940211169502
2017-09-17,Bag Boy M330 Push Cart,2.5517879137030497
2017-09-18,Bag Boy M330 Push Cart,2.551216785268247
2017-09-19,Bag Boy M330 Push Cart,2.5513535056197023
2017-09-20,Bag Boy M330 Push Cart,2.551320776633781
2017-09-21,Bag Boy M330 Push Cart,2.5513286115062637
2017-09-22,Bag Boy M330 Push Cart,2.5513267359447362
2017-09-23,Bag Boy M330 Push Cart,2.5513271849285646
2017-09-24,Bag Boy M330 Push Cart,2.5513270774479646
2017-09-25,Bag Boy M330 Push Cart,2.551327103177353
2017-09-07,LIJA Women's Argyle Golf Polo,0.9382807393068875
2017-09-08,LIJA Women's Argyle Golf Polo,0.6961911768467698
2017-09-09,LIJA Women's Argyle Golf Polo,0.6817619776602829
2017-09-10,LIJA Women's Argyle Golf Polo,0.6809019579756358
2017-09-11,LIJA Women's Argyle Golf Polo,0.6808506984533005
2017-09-12,LIJA Women's Argyle Golf Polo,0.6808476432457548
2017-09-13,LIJA Women's Argyle Golf Polo,0.6808474611470398
2017-09-14,LIJA Women's Argyle Golf Polo,0.680847450293459
2017-09-15,LIJA Women's Argyle Golf Polo,0.6808474496465559
2017-09-16,LIJA Women's Argyle Golf Polo,0.6808474496079987
2017-09-17,LIJA Women's Argyle Golf Polo,0.6808474496057005
2017-09-18,LIJA Women's Argyle Golf Polo,0.6808474496055635
2017-09-19,LIJA Women's Argyle Golf Polo,0.6808474496055553
2017-09-20,LIJA Women's Argyle Golf Polo,0.6808474496055549
2017-12-18,Sports Books ,8.347366215743513
2017-12-19,Sports Books ,8.96321862138661
2017-12-20,Sports Books ,9.076523877247938
2017-12-21,Sports Books ,9.09736991257745
2017-12-22,Sports Books ,9.101205190876378
2017-12-23,Sports Books ,9.101910809925647
2017-12-24,Sports Books ,9.102040630555047
2017-12-25,Sports Books ,9.102064515108383
2017-12-26,Sports Books ,9.102068909416827
2017-12-27,Sports Books ,9.102069717886906
2017-12-28,Sports Books ,9.10206986663019
2017-12-29,Sports Books ,9.102069893996156
2017-12-30,Sports Books ,9.102069899030978
2017-12-31,Sports Books ,9.102069899957291
2017-12-20,Baby sweater,0.0
2017-12-21,Baby sweater,0.0
2017-12-22,Baby sweater,0.0
2017-12-23,Baby sweater,0.0
2017-12-24,Baby sweater,0.0
2017-12-25,Baby sweater,0.0
2017-12-26,Baby sweater,0.0
2017-12-27,Baby sweater,0.0
2017-12-28,Baby sweater,0.0
2017-12-29,Baby sweater,0.0
2017-12-30,Baby sweater,0.0
2017-12-31,Baby sweater,0.0
2018-01-01,Baby sweater,0.0
2018-01-02,Baby sweater,0.0
2017-12-22,CDs of rock,2.2427378515718237
2017-12-23,CDs of rock,2.5236615086259953
2017-12-24,CDs of rock,2.4194464739032147
2017-12-25,CDs of rock,2.4581074167948134
2017-12-26,CDs of rock,2.4437652586864043
2017-12-27,CDs of rock,2.449085809190911
2017-12-28,CDs of rock,2.447112029690153
2017-12-29,CDs of rock,2.4478442481916622
2017-12-30,CDs of rock,2.447572615046346
2017-12-31,CDs of rock,2.4476733835539464
2018-01-01,CDs of rock,2.4476360011788603
2018-01-02,CDs of rock,2.447649869023094
2018-01-03,CDs of rock,2.447644724430134
2018-01-04,CDs of rock,2.4476466329341724
2017-12-22,Web Camera,6.28158801732793
2017-12-23,Web Camera,5.311370568478989
2017-12-24,Web Camera,6.045867056682409
2017-12-25,Web Camera,5.4898215105801444
2017-12-26,Web Camera,5.910771990679018
2017-12-27,Web Camera,5.5920943069216476
2017-12-28,Web Camera,5.83334706924445
2017-12-29,Web Camera,5.65070831449344
2017-12-30,Web Camera,5.788973735439656
2017-12-31,Web Camera,5.684300843558102
2018-01-01,Web Camera,5.763542740916586
2018-01-02,Web Camera,5.703553204140646
2018-01-03,Web Camera,5.7489678729276825
2018-01-04,Web Camera,5.714587008332252
2017-12-24,Children's heaters,11.080666116931692
2017-12-25,Children's heaters,11.541740757380825
2017-12-26,Children's heaters,11.643914682517261
2017-12-27,Children's heaters,11.666556376642136
2017-12-28,Children's heaters,11.671573765493156
2017-12-29,Children's heaters,11.672685616520887
2017-12-30,Children's heaters,11.672932002189723
2017-12-31,Children's heaters,11.672986601138946
2018-01-01,Children's heaters,11.672998700240612
2018-01-02,Children's heaters,11.673001381395894
2018-01-03,Children's heaters,11.673001975538654
2018-01-04,Children's heaters,11.673002107200412
2018-01-05,Children's heaters,11.673002136376597
2018-01-06,Children's heaters,11.673002142842027
2017-12-25,Dell Laptop,15.302711168400872
2017-12-26,Dell Laptop,17.819305119485954
2017-12-27,Dell Laptop,16.707680748344426
2017-12-28,Dell Laptop,17.198705032171777
2017-12-29,Dell Laptop,16.981810860392713
2017-12-30,Dell Laptop,17.07761687916034
2017-12-31,Dell Laptop,17.035297654273776
2018-01-01,Dell Laptop,17.053990809652078
2018-01-02,Dell Laptop,17.045733709978492
2018-01-03,Dell Laptop,17.049381017971164
2018-01-04,Dell Laptop,17.047769937068754
2018-01-05,Dell Laptop,17.048481580198242
2018-01-06,Dell Laptop,17.048167234752903
2018-01-07,Dell Laptop,17.048306086734904
2017-12-27,Industrial consumer electronics,19.975773150988047
2017-12-28,Industrial consumer electronics,21.235676058243968
2017-12-29,Industrial consumer electronics,20.71079634023256
2017-12-30,Industrial consumer electronics,20.929462966679015
2017-12-31,Industrial consumer electronics,20.838365726910197
2018-01-01,Industrial consumer electronics,20.876317138281742
2018-01-02,Industrial consumer electronics,20.860506454788506
2018-01-03,Industrial consumer electronics,20.867093237822107
2018-01-04,Industrial consumer electronics,20.86434916222599
2018-01-05,Industrial consumer electronics,20.865492353194753
2018-01-06,Industrial consumer electronics,20.865016096056316
2018-01-07,Industrial consumer electronics,20.865214506355304
2018-01-08,Industrial consumer electronics,20.86513184796855
2018-01-09,Industrial consumer electronics,20.865166283725845
2017-12-31,Porcelain crafts,12.415893703581634
2018-01-01,Porcelain crafts,11.169186795287713
2018-01-02,Porcelain crafts,10.830128751105324
2018-01-03,Porcelain crafts,10.737917537258673
2018-01-04,Porcelain crafts,10.712839506800563
2018-01-05,Porcelain crafts,10.70601921254976
2018-01-06,Porcelain crafts,10.704164345448246
2018-01-07,Porcelain crafts,10.703659890385493
2018-01-08,Porcelain crafts,10.703522697316442
2018-01-09,Porcelain crafts,10.703485385889548
2018-01-10,Porcelain crafts,10.703475238565149
2018-01-11,Porcelain crafts,10.703472478869232
2018-01-12,Porcelain crafts,10.703471728334288
2018-01-13,Porcelain crafts,10.703471524216617
2018-01-02,DVDs ,0.0
2018-01-03,DVDs ,0.0
2018-01-04,DVDs ,0.0
2018-01-05,DVDs ,0.0
2018-01-06,DVDs ,0.0
2018-01-07,DVDs ,0.0
2018-01-08,DVDs ,0.0
2018-01-09,DVDs ,0.0
2018-01-10,DVDs ,0.0
2018-01-11,DVDs ,0.0
2018-01-12,DVDs ,0.0
2018-01-13,DVDs ,0.0
2018-01-14,DVDs ,0.0
2018-01-15,DVDs ,0.0
2018-01-03,Lawn mower,20.85400750467185
2018-01-04,Lawn mower,20.269917572183196
2018-01-05,Lawn mower,20.453930338245318
2018-01-06,Lawn mower,20.39595861815495
2018-01-07,Lawn mower,20.414222135421472
2018-01-08,Lawn mower,20.408468363368055
2018-01-09,Lawn mower,20.410281042292908
2018-01-10,Lawn mower,20.40970997259218
2018-01-11,Lawn mower,20.409889883440492
2018-01-12,Lawn mower,20.40983320399611
2018-01-13,Lawn mower,20.409851060392462
2018-01-14,Lawn mower,20.40984543488053
2018-01-15,Lawn mower,20.40984720715215
2018-01-16,Lawn mower,20.40984664881244
2018-01-05,First aid kit,11.10917814999678
2018-01-06,First aid kit,11.380328238461738
2018-01-07,First aid kit,11.297795046809233
2018-01-08,First aid kit,11.322916660314549
2018-01-09,First aid kit,11.31527009470289
2018-01-10,First aid kit,11.317597571225887
2018-01-11,First aid kit,11.316889129391969
2018-01-12,First aid kit,11.31710476629618
2018-01-13,First aid kit,11.317039130315594
2018-01-14,First aid kit,11.31705910872311
2018-01-15,First aid kit,11.317053027656547
2018-01-16,First aid kit,11.317054878623422
2018-01-17,First aid kit,11.317054315222522
2018-01-18,First aid kit,11.317054486711585
2018-01-05,Men's gala suit,8.673827933282677
2018-01-06,Men's gala suit,8.920511192028629
2018-01-07,Men's gala suit,8.894351205406746
2018-01-08,Men's gala suit,8.897125390017148
2018-01-09,Men's gala suit,8.896831196431966
2018-01-10,Men's gala suit,8.896862394739836
2018-01-11,Men's gala suit,8.896859086257045
2018-01-12,Men's gala suit,8.896859437111278
2018-01-13,Men's gala suit,8.896859399904287
2018-01-14,Men's gala suit,8.896859403849971
2018-01-15,Men's gala suit,8.896859403431543
2018-01-16,Men's gala suit,8.896859403475917
2018-01-17,Men's gala suit,8.896859403471211
2018-01-18,Men's gala suit,8.89685940347171
2018-01-07,Rock music,23.247155446049383
2018-01-08,Rock music,23.219746060811342
2018-01-09,Rock music,23.22278574458581
2018-01-10,Rock music,23.22244864554588
2018-01-11,Rock music,23.222486029619738
2018-01-12,Rock music,23.2224818837492
2018-01-13,Rock music,23.222482343523666
2018-01-14,Rock music,23.222482292534963
2018-01-15,Rock music,23.22248229818958
2018-01-16,Rock music,23.222482297562486
2018-01-17,Rock music,23.22248229763203
2018-01-18,Rock music,23.222482297624317
2018-01-19,Rock music,23.222482297625174
2018-01-20,Rock music,23.222482297625078
2018-01-11,Adult dog supplies,7.2158803545616
2018-01-12,Adult dog supplies,7.032613114227206
2018-01-13,Adult dog supplies,7.026806373800204
2018-01-14,Adult dog supplies,7.026622389830537
2018-01-15,Adult dog supplies,7.026616560380862
2018-01-16,Adult dog supplies,7.02661637567736
2018-01-17,Adult dog supplies,7.0266163698251125
2018-01-18,Adult dog supplies,7.026616369639687
2018-01-19,Adult dog supplies,7.026616369633811
2018-01-20,Adult dog supplies,7.026616369633625
2018-01-21,Adult dog supplies,7.026616369633619
2018-01-22,Adult dog supplies,7.026616369633619
2018-01-23,Adult dog supplies,7.026616369633619
2018-01-24,Adult dog supplies,7.026616369633619
2018-02-01,Smart watch ,1.4607714284979147
2018-02-02,Smart watch ,1.5382557187802894
2018-02-03,Smart watch ,1.5512856396244168
2018-02-04,Smart watch ,1.5534767784550818
2018-02-05,Smart watch ,1.5538452449586533
2018-02-06,Smart watch ,1.5539072070590707
2018-02-07,Smart watch ,1.5539176267358958
2018-02-08,Smart watch ,1.553919378930615
2018-02-09,Smart watch ,1.5539196735833556
2018-02-10,Smart watch ,1.5539197231327788
2018-02-11,Smart watch ,1.5539197314651139
2018-02-12,Smart watch ,1.5539197328662968
2018-02-13,Smart watch ,1.5539197331019228
2018-02-14,Smart watch ,1.5539197331415462
2018-01-18,Toys ,17.567325936554695
2018-01-19,Toys ,18.877377132530114
2018-01-20,Toys ,18.490199074429743
2018-01-21,Toys ,18.604627311383304
2018-01-22,Toys ,18.570808707414518
2018-01-23,Toys ,18.580803600325975
2018-01-24,Toys ,18.57784966750238
2018-01-25,Toys ,18.578722685272915
2018-01-26,Toys ,18.57846466991739
2018-01-27,Toys ,18.578540924864235
2018-01-28,Toys ,18.578518388155494
2018-01-29,Toys ,18.578525048749487
2018-01-30,Toys ,18.578523080249436
2018-01-31,Toys ,18.578523662028246
2018-02-01,Fighting video games,3.470718198605664
2018-02-02,Fighting video games,1.8314360367176246
2018-02-03,Fighting video games,2.9190736344820545
2018-02-04,Fighting video games,2.1974434163454073
2018-02-05,Fighting video games,2.676233569240373
2018-02-06,Fighting video games,2.3585639307638755
2018-02-07,Fighting video games,2.56933267485692
2018-02-08,Fighting video games,2.429490971068014
2018-02-09,Fighting video games,2.5222737136076345
2018-02-10,Fighting video games,2.460713842124887
2018-02-11,Fighting video games,2.5015578360966555
2018-02-12,Fighting video games,2.4744584968130545
2018-02-13,Fighting video games,2.4924384766875822
2018-02-14,Fighting video games,2.480509046493539
2018-02-01,Summer dresses,31.270431822227067
2018-02-02,Summer dresses,31.310456714952696
2018-02-03,Summer dresses,31.316380544568993
2018-02-04,Summer dresses,31.317257292885685
2018-02-05,Summer dresses,31.317387054823588
2018-02-06,Summer dresses,31.31740626006209
2018-02-07,Summer dresses,31.3174091025072
2018-02-08,Summer dresses,31.31740952319941
2018-02-09,Summer dresses,31.317409585463384
2018-02-10,Summer dresses,31.31740959467868
2018-02-11,Summer dresses,31.317409596042577
2018-02-12,Summer dresses,31.31740959624444
2018-02-13,Summer dresses,31.317409596274313
2018-02-14,Summer dresses,31.317409596278736
